Workbook

Sheet Conduits_Condition
A1: PIPE_ID | B1: MATERIAL | C1: PIPE_ID_1 | D1: No_Action | E1: Inst_Yr | F1: Rehab_Yr | G1: Age | H1: Condition | I1: 0 | J1: =I1+1 -> 1 | K1: =J1+1 -> 2 | L1: =K1+1 -> 3 | M1: =L1+1 -> 4 | N1: =M1+1 -> 5 | O1: =N1+1 -> 6 | P1: =O1+1 -> 7 | Q1: =P1+1 -> 8 | ... DD1: =DC1+1 -> 99
A2: P787 | B2: DI | C2: P787 | D2: 0 | E2: 1930 | G2: =IF(ISNUMBER(F2),(YEAR(TODAY())-(F2)),YEAR(TODAY())-E2) -> 96 | H2: =_xlfn.LET( _xlpm.score,_xlfn.XLOOKUP(G2,DecayFns!$A$2:$A$289,DecayFns!$N$2:$N$289), IF(D2=1,IF(_xlpm.score=6,_xlpm.score,_xlpm.score+1),IF(_xlpm.score=1,_xlpm.score,_xlpm.score-1) )) -> 1 | I2: {=H2-_xlfn.XLOOKUP(I$1,Cdel!$B$1:$KC$1,IF(ROUNDUP(H2,0)=6,Cdel!$B$8:$KC$8,IF(ROUNDUP(H2,0)=5,Cdel!$B$9:$KC$9,IF(ROUNDUP(H2,0)=4,Cdel!$B$10:$KC$10,IF(ROUNDUP(H2,0)=3,Cdel!$B$11:$KC$11,IF(ROUNDUP(H2,0)=2,Cdel!$B$12:$KC$12,IF(ROUNDUP(H2,0)=1,Cdel!$B$13:$KC$13)))))))} -> 1 | J2: {=I2-_xlfn.XLOOKUP(J$1,Cdel!$B$1:$KC$1,IF(ROUNDUP(I2,0)=6,Cdel!$B$8:$KC$8,IF(ROUNDUP(I2,0)=5,Cdel!$B$9:$KC$9,IF(ROUNDUP(I2,0)=4,Cdel!$B$10:$KC$10,IF(ROUNDUP(I2,0)=3,Cdel!$B$11:$KC$11,IF(ROUNDUP(I2,0)=2,Cdel!$B$12:$KC$12,IF(ROUNDUP(I2,0)=1,Cdel!$B$13:$KC$13)))))))} -> 0.97233735 | K2: {=J2-_xlfn.XLOOKUP(K$1,Cdel!$B$1:$KC$1,IF(ROUNDUP(J2,0)=6,Cdel!$B$8:$KC$8,IF(ROUNDUP(J2,0)=5,Cdel!$B$9:$KC$9,IF(ROUNDUP(J2,0)=4,Cdel!$B$10:$KC$10,IF(ROUNDUP(J2,0)=3,Cdel!$B$11:$KC$11,IF(ROUNDUP(J2,0)=2,Cdel!$B$12:$KC$12,IF(ROUNDUP(J2,0)=1,Cdel!$B$13:$KC$13)))))))} -> 0.94543993 | L2: {=K2-_xlfn.XLOOKUP(L$1,Cdel!$B$1:$KC$1,IF(ROUNDUP(K2,0)=6,Cdel!$B$8:$KC$8,IF(ROUNDUP(K2,0)=5,Cdel!$B$9:$KC$9,IF(ROUNDUP(K2,0)=4,Cdel!$B$10:$KC$10,IF(ROUNDUP(K2,0)=3,Cdel!$B$11:$KC$11,IF(ROUNDUP(K2,0)=2,Cdel!$B$12:$KC$12,IF(ROUNDUP(K2,0)=1,Cdel!$B$13:$KC$13)))))))} -> 0.91928656 | M2: {=L2-_xlfn.XLOOKUP(M$1,Cdel!$B$1:$KC$1,IF(ROUNDUP(L2,0)=6,Cdel!$B$8:$KC$8,IF(ROUNDUP(L2,0)=5,Cdel!$B$9:$KC$9,IF(ROUNDUP(L2,0)=4,Cdel!$B$10:$KC$10,IF(ROUNDUP(L2,0)=3,Cdel!$B$11:$KC$11,IF(ROUNDUP(L2,0)=2,Cdel!$B$12:$KC$12,IF(ROUNDUP(L2,0)=1,Cdel!$B$13:$KC$13)))))))} -> 0.89385666 | N2: {=M2-_xlfn.XLOOKUP(N$1,Cdel!$B$1:$KC$1,IF(ROUNDUP(M2,0)=6,Cdel!$B$8:$KC$8,IF(ROUNDUP(M2,0)=5,Cdel!$B$9:$KC$9,IF(ROUNDUP(M2,0)=4,Cdel!$B$10:$KC$10,IF(ROUNDUP(M2,0)=3,Cdel!$B$11:$KC$11,IF(ROUNDUP(M2,0)=2,Cdel!$B$12:$KC$12,IF(ROUNDUP(M2,0)=1,Cdel!$B$13:$KC$13)))))))} -> 0.86913022 | O2: {=N2-_xlfn.XLOOKUP(O$1,Cdel!$B$1:$KC$1,IF(ROUNDUP(N2,0)=6,Cdel!$B$8:$KC$8,IF(ROUNDUP(N2,0)=5,Cdel!$B$9:$KC$9,IF(ROUNDUP(N2,0)=4,Cdel!$B$10:$KC$10,IF(ROUNDUP(N2,0)=3,Cdel!$B$11:$KC$11,IF(ROUNDUP(N2,0)=2,Cdel!$B$12:$KC$12,IF(ROUNDUP(N2,0)=1,Cdel!$B$13:$KC$13)))))))} -> 0.84508778 | P2: {=O2-_xlfn.XLOOKUP(P$1,Cdel!$B$1:$KC$1,IF(ROUNDUP(O2,0)=6,Cdel!$B$8:$KC$8,IF(ROUNDUP(O2,0)=5,Cdel!$B$9:$KC$9,IF(ROUNDUP(O2,0)=4,Cdel!$B$10:$KC$10,IF(ROUNDUP(O2,0)=3,Cdel!$B$11:$KC$11,IF(ROUNDUP(O2,0)=2,Cdel!$B$12:$KC$12,IF(ROUNDUP(O2,0)=1,Cdel!$B$13:$KC$13)))))))} -> 0.82171041 | ... DD2: {=DC2-_xlfn.XLOOKUP(DD$1,Cdel!$B$1:$KC$1,IF(ROUNDUP(DC2,0)=6,Cdel!$B$8:$KC$8,IF(ROUNDUP(DC2,0)=5,Cdel!$B$9:$KC$9,IF(ROUNDUP(DC2,0)=4,Cdel!$B$10:$KC$10,IF(ROUNDUP(DC2,0)=3,Cdel!$B$11:$KC$11,IF(ROUNDUP(DC2,0)=2,Cdel!$B$12:$KC$12,IF(ROUNDUP(DC2,0)=1,Cdel!$B$13:$KC$13)))))))} -> 0.062212841
A3: P789 | B3: DI | C3: P789 | D3: 0 | E3: 1930 | G3: =IF(ISNUMBER(F3),(YEAR(TODAY())-(F3)),YEAR(TODAY())-E3) -> 96 | H3: =_xlfn.LET( _xlpm.score,_xlfn.XLOOKUP(G3,DecayFns!$A$2:$A$289,DecayFns!$N$2:$N$289), IF(D3=1,IF(_xlpm.score=6,_xlpm.score,_xlpm.score+1),IF(_xlpm.score=1,_xlpm.score,_xlpm.score-1) )) -> 1 | I3: {=H3-_xlfn.XLOOKUP(I$1,Cdel!$B$1:$KC$1,IF(ROUNDUP(H3,0)=6,Cdel!$B$8:$KC$8,IF(ROUNDUP(H3,0)=5,Cdel!$B$9:$KC$9,IF(ROUNDUP(H3,0)=4,Cdel!$B$10:$KC$10,IF(ROUNDUP(H3,0)=3,Cdel!$B$11:$KC$11,IF(ROUNDUP(H3,0)=2,Cdel!$B$12:$KC$12,IF(ROUNDUP(H3,0)=1,Cdel!$B$13:$KC$13)))))))} -> 1 | J3: {=I3-_xlfn.XLOOKUP(J$1,Cdel!$B$1:$KC$1,IF(ROUNDUP(I3,0)=6,Cdel!$B$8:$KC$8,IF(ROUNDUP(I3,0)=5,Cdel!$B$9:$KC$9,IF(ROUNDUP(I3,0)=4,Cdel!$B$10:$KC$10,IF(ROUNDUP(I3,0)=3,Cdel!$B$11:$KC$11,IF(ROUNDUP(I3,0)=2,Cdel!$B$12:$KC$12,IF(ROUNDUP(I3,0)=1,Cdel!$B$13:$KC$13)))))))} -> 0.97233735 | K3: {=J3-_xlfn.XLOOKUP(K$1,Cdel!$B$1:$KC$1,IF(ROUNDUP(J3,0)=6,Cdel!$B$8:$KC$8,IF(ROUNDUP(J3,0)=5,Cdel!$B$9:$KC$9,IF(ROUNDUP(J3,0)=4,Cdel!$B$10:$KC$10,IF(ROUNDUP(J3,0)=3,Cdel!$B$11:$KC$11,IF(ROUNDUP(J3,0)=2,Cdel!$B$12:$KC$12,IF(ROUNDUP(J3,0)=1,Cdel!$B$13:$KC$13)))))))} -> 0.94543993 | L3: {=K3-_xlfn.XLOOKUP(L$1,Cdel!$B$1:$KC$1,IF(ROUNDUP(K3,0)=6,Cdel!$B$8:$KC$8,IF(ROUNDUP(K3,0)=5,Cdel!$B$9:$KC$9,IF(ROUNDUP(K3,0)=4,Cdel!$B$10:$KC$10,IF(ROUNDUP(K3,0)=3,Cdel!$B$11:$KC$11,IF(ROUNDUP(K3,0)=2,Cdel!$B$12:$KC$12,IF(ROUNDUP(K3,0)=1,Cdel!$B$13:$KC$13)))))))} -> 0.91928656 | M3: {=L3-_xlfn.XLOOKUP(M$1,Cdel!$B$1:$KC$1,IF(ROUNDUP(L3,0)=6,Cdel!$B$8:$KC$8,IF(ROUNDUP(L3,0)=5,Cdel!$B$9:$KC$9,IF(ROUNDUP(L3,0)=4,Cdel!$B$10:$KC$10,IF(ROUNDUP(L3,0)=3,Cdel!$B$11:$KC$11,IF(ROUNDUP(L3,0)=2,Cdel!$B$12:$KC$12,IF(ROUNDUP(L3,0)=1,Cdel!$B$13:$KC$13)))))))} -> 0.89385666 | N3: {=M3-_xlfn.XLOOKUP(N$1,Cdel!$B$1:$KC$1,IF(ROUNDUP(M3,0)=6,Cdel!$B$8:$KC$8,IF(ROUNDUP(M3,0)=5,Cdel!$B$9:$KC$9,IF(ROUNDUP(M3,0)=4,Cdel!$B$10:$KC$10,IF(ROUNDUP(M3,0)=3,Cdel!$B$11:$KC$11,IF(ROUNDUP(M3,0)=2,Cdel!$B$12:$KC$12,IF(ROUNDUP(M3,0)=1,Cdel!$B$13:$KC$13)))))))} -> 0.86913022 | O3: {=N3-_xlfn.XLOOKUP(O$1,Cdel!$B$1:$KC$1,IF(ROUNDUP(N3,0)=6,Cdel!$B$8:$KC$8,IF(ROUNDUP(N3,0)=5,Cdel!$B$9:$KC$9,IF(ROUNDUP(N3,0)=4,Cdel!$B$10:$KC$10,IF(ROUNDUP(N3,0)=3,Cdel!$B$11:$KC$11,IF(ROUNDUP(N3,0)=2,Cdel!$B$12:$KC$12,IF(ROUNDUP(N3,0)=1,Cdel!$B$13:$KC$13)))))))} -> 0.84508778 | P3: {=O3-_xlfn.XLOOKUP(P$1,Cdel!$B$1:$KC$1,IF(ROUNDUP(O3,0)=6,Cdel!$B$8:$KC$8,IF(ROUNDUP(O3,0)=5,Cdel!$B$9:$KC$9,IF(ROUNDUP(O3,0)=4,Cdel!$B$10:$KC$10,IF(ROUNDUP(O3,0)=3,Cdel!$B$11:$KC$11,IF(ROUNDUP(O3,0)=2,Cdel!$B$12:$KC$12,IF(ROUNDUP(O3,0)=1,Cdel!$B$13:$KC$13)))))))} -> 0.82171041 | ... DD3: {=DC3-_xlfn.XLOOKUP(DD$1,Cdel!$B$1:$KC$1,IF(ROUNDUP(DC3,0)=6,Cdel!$B$8:$KC$8,IF(ROUNDUP(DC3,0)=5,Cdel!$B$9:$KC$9,IF(ROUNDUP(DC3,0)=4,Cdel!$B$10:$KC$10,IF(ROUNDUP(DC3,0)=3,Cdel!$B$11:$KC$11,IF(ROUNDUP(DC3,0)=2,Cdel!$B$12:$KC$12,IF(ROUNDUP(DC3,0)=1,Cdel!$B$13:$KC$13)))))))} -> 0.062212841
A4: P791 | B4: DI | C4: P791 | D4: 0 | E4: 1930 | G4: =IF(ISNUMBER(F4),(YEAR(TODAY())-(F4)),YEAR(TODAY())-E4) -> 96 | H4: =_xlfn.LET( _xlpm.score,_xlfn.XLOOKUP(G4,DecayFns!$A$2:$A$289,DecayFns!$N$2:$N$289), IF(D4=1,IF(_xlpm.score=6,_xlpm.score,_xlpm.score+1),IF(_xlpm.score=1,_xlpm.score,_xlpm.score-1) )) -> 1 | I4: {=H4-_xlfn.XLOOKUP(I$1,Cdel!$B$1:$KC$1,IF(ROUNDUP(H4,0)=6,Cdel!$B$8:$KC$8,IF(ROUNDUP(H4,0)=5,Cdel!$B$9:$KC$9,IF(ROUNDUP(H4,0)=4,Cdel!$B$10:$KC$10,IF(ROUNDUP(H4,0)=3,Cdel!$B$11:$KC$11,IF(ROUNDUP(H4,0)=2,Cdel!$B$12:$KC$12,IF(ROUNDUP(H4,0)=1,Cdel!$B$13:$KC$13)))))))} -> 1 | J4: {=I4-_xlfn.XLOOKUP(J$1,Cdel!$B$1:$KC$1,IF(ROUNDUP(I4,0)=6,Cdel!$B$8:$KC$8,IF(ROUNDUP(I4,0)=5,Cdel!$B$9:$KC$9,IF(ROUNDUP(I4,0)=4,Cdel!$B$10:$KC$10,IF(ROUNDUP(I4,0)=3,Cdel!$B$11:$KC$11,IF(ROUNDUP(I4,0)=2,Cdel!$B$12:$KC$12,IF(ROUNDUP(I4,0)=1,Cdel!$B$13:$KC$13)))))))} -> 0.97233735 | K4: {=J4-_xlfn.XLOOKUP(K$1,Cdel!$B$1:$KC$1,IF(ROUNDUP(J4,0)=6,Cdel!$B$8:$KC$8,IF(ROUNDUP(J4,0)=5,Cdel!$B$9:$KC$9,IF(ROUNDUP(J4,0)=4,Cdel!$B$10:$KC$10,IF(ROUNDUP(J4,0)=3,Cdel!$B$11:$KC$11,IF(ROUNDUP(J4,0)=2,Cdel!$B$12:$KC$12,IF(ROUNDUP(J4,0)=1,Cdel!$B$13:$KC$13)))))))} -> 0.94543993 | L4: {=K4-_xlfn.XLOOKUP(L$1,Cdel!$B$1:$KC$1,IF(ROUNDUP(K4,0)=6,Cdel!$B$8:$KC$8,IF(ROUNDUP(K4,0)=5,Cdel!$B$9:$KC$9,IF(ROUNDUP(K4,0)=4,Cdel!$B$10:$KC$10,IF(ROUNDUP(K4,0)=3,Cdel!$B$11:$KC$11,IF(ROUNDUP(K4,0)=2,Cdel!$B$12:$KC$12,IF(ROUNDUP(K4,0)=1,Cdel!$B$13:$KC$13)))))))} -> 0.91928656 | M4: {=L4-_xlfn.XLOOKUP(M$1,Cdel!$B$1:$KC$1,IF(ROUNDUP(L4,0)=6,Cdel!$B$8:$KC$8,IF(ROUNDUP(L4,0)=5,Cdel!$B$9:$KC$9,IF(ROUNDUP(L4,0)=4,Cdel!$B$10:$KC$10,IF(ROUNDUP(L4,0)=3,Cdel!$B$11:$KC$11,IF(ROUNDUP(L4,0)=2,Cdel!$B$12:$KC$12,IF(ROUNDUP(L4,0)=1,Cdel!$B$13:$KC$13)))))))} -> 0.89385666 | N4: {=M4-_xlfn.XLOOKUP(N$1,Cdel!$B$1:$KC$1,IF(ROUNDUP(M4,0)=6,Cdel!$B$8:$KC$8,IF(ROUNDUP(M4,0)=5,Cdel!$B$9:$KC$9,IF(ROUNDUP(M4,0)=4,Cdel!$B$10:$KC$10,IF(ROUNDUP(M4,0)=3,Cdel!$B$11:$KC$11,IF(ROUNDUP(M4,0)=2,Cdel!$B$12:$KC$12,IF(ROUNDUP(M4,0)=1,Cdel!$B$13:$KC$13)))))))} -> 0.86913022 | O4: {=N4-_xlfn.XLOOKUP(O$1,Cdel!$B$1:$KC$1,IF(ROUNDUP(N4,0)=6,Cdel!$B$8:$KC$8,IF(ROUNDUP(N4,0)=5,Cdel!$B$9:$KC$9,IF(ROUNDUP(N4,0)=4,Cdel!$B$10:$KC$10,IF(ROUNDUP(N4,0)=3,Cdel!$B$11:$KC$11,IF(ROUNDUP(N4,0)=2,Cdel!$B$12:$KC$12,IF(ROUNDUP(N4,0)=1,Cdel!$B$13:$KC$13)))))))} -> 0.84508778 | P4: {=O4-_xlfn.XLOOKUP(P$1,Cdel!$B$1:$KC$1,IF(ROUNDUP(O4,0)=6,Cdel!$B$8:$KC$8,IF(ROUNDUP(O4,0)=5,Cdel!$B$9:$KC$9,IF(ROUNDUP(O4,0)=4,Cdel!$B$10:$KC$10,IF(ROUNDUP(O4,0)=3,Cdel!$B$11:$KC$11,IF(ROUNDUP(O4,0)=2,Cdel!$B$12:$KC$12,IF(ROUNDUP(O4,0)=1,Cdel!$B$13:$KC$13)))))))} -> 0.82171041 | ... DD4: {=DC4-_xlfn.XLOOKUP(DD$1,Cdel!$B$1:$KC$1,IF(ROUNDUP(DC4,0)=6,Cdel!$B$8:$KC$8,IF(ROUNDUP(DC4,0)=5,Cdel!$B$9:$KC$9,IF(ROUNDUP(DC4,0)=4,Cdel!$B$10:$KC$10,IF(ROUNDUP(DC4,0)=3,Cdel!$B$11:$KC$11,IF(ROUNDUP(DC4,0)=2,Cdel!$B$12:$KC$12,IF(ROUNDUP(DC4,0)=1,Cdel!$B$13:$KC$13)))))))} -> 0.062212841
A5: P793 | B5: DI | C5: P793 | D5: 0 | E5: 1930 | G5: =IF(ISNUMBER(F5),(YEAR(TODAY())-(F5)),YEAR(TODAY())-E5) -> 96 | H5: =_xlfn.LET( _xlpm.score,_xlfn.XLOOKUP(G5,DecayFns!$A$2:$A$289,DecayFns!$N$2:$N$289), IF(D5=1,IF(_xlpm.score=6,_xlpm.score,_xlpm.score+1),IF(_xlpm.score=1,_xlpm.score,_xlpm.score-1) )) -> 1 | I5: {=H5-_xlfn.XLOOKUP(I$1,Cdel!$B$1:$KC$1,IF(ROUNDUP(H5,0)=6,Cdel!$B$8:$KC$8,IF(ROUNDUP(H5,0)=5,Cdel!$B$9:$KC$9,IF(ROUNDUP(H5,0)=4,Cdel!$B$10:$KC$10,IF(ROUNDUP(H5,0)=3,Cdel!$B$11:$KC$11,IF(ROUNDUP(H5,0)=2,Cdel!$B$12:$KC$12,IF(ROUNDUP(H5,0)=1,Cdel!$B$13:$KC$13)))))))} -> 1 | J5: {=I5-_xlfn.XLOOKUP(J$1,Cdel!$B$1:$KC$1,IF(ROUNDUP(I5,0)=6,Cdel!$B$8:$KC$8,IF(ROUNDUP(I5,0)=5,Cdel!$B$9:$KC$9,IF(ROUNDUP(I5,0)=4,Cdel!$B$10:$KC$10,IF(ROUNDUP(I5,0)=3,Cdel!$B$11:$KC$11,IF(ROUNDUP(I5,0)=2,Cdel!$B$12:$KC$12,IF(ROUNDUP(I5,0)=1,Cdel!$B$13:$KC$13)))))))} -> 0.97233735 | K5: {=J5-_xlfn.XLOOKUP(K$1,Cdel!$B$1:$KC$1,IF(ROUNDUP(J5,0)=6,Cdel!$B$8:$KC$8,IF(ROUNDUP(J5,0)=5,Cdel!$B$9:$KC$9,IF(ROUNDUP(J5,0)=4,Cdel!$B$10:$KC$10,IF(ROUNDUP(J5,0)=3,Cdel!$B$11:$KC$11,IF(ROUNDUP(J5,0)=2,Cdel!$B$12:$KC$12,IF(ROUNDUP(J5,0)=1,Cdel!$B$13:$KC$13)))))))} -> 0.94543993 | L5: {=K5-_xlfn.XLOOKUP(L$1,Cdel!$B$1:$KC$1,IF(ROUNDUP(K5,0)=6,Cdel!$B$8:$KC$8,IF(ROUNDUP(K5,0)=5,Cdel!$B$9:$KC$9,IF(ROUNDUP(K5,0)=4,Cdel!$B$10:$KC$10,IF(ROUNDUP(K5,0)=3,Cdel!$B$11:$KC$11,IF(ROUNDUP(K5,0)=2,Cdel!$B$12:$KC$12,IF(ROUNDUP(K5,0)=1,Cdel!$B$13:$KC$13)))))))} -> 0.91928656 | M5: {=L5-_xlfn.XLOOKUP(M$1,Cdel!$B$1:$KC$1,IF(ROUNDUP(L5,0)=6,Cdel!$B$8:$KC$8,IF(ROUNDUP(L5,0)=5,Cdel!$B$9:$KC$9,IF(ROUNDUP(L5,0)=4,Cdel!$B$10:$KC$10,IF(ROUNDUP(L5,0)=3,Cdel!$B$11:$KC$11,IF(ROUNDUP(L5,0)=2,Cdel!$B$12:$KC$12,IF(ROUNDUP(L5,0)=1,Cdel!$B$13:$KC$13)))))))} -> 0.89385666 | N5: {=M5-_xlfn.XLOOKUP(N$1,Cdel!$B$1:$KC$1,IF(ROUNDUP(M5,0)=6,Cdel!$B$8:$KC$8,IF(ROUNDUP(M5,0)=5,Cdel!$B$9:$KC$9,IF(ROUNDUP(M5,0)=4,Cdel!$B$10:$KC$10,IF(ROUNDUP(M5,0)=3,Cdel!$B$11:$KC$11,IF(ROUNDUP(M5,0)=2,Cdel!$B$12:$KC$12,IF(ROUNDUP(M5,0)=1,Cdel!$B$13:$KC$13)))))))} -> 0.86913022 | O5: {=N5-_xlfn.XLOOKUP(O$1,Cdel!$B$1:$KC$1,IF(ROUNDUP(N5,0)=6,Cdel!$B$8:$KC$8,IF(ROUNDUP(N5,0)=5,Cdel!$B$9:$KC$9,IF(ROUNDUP(N5,0)=4,Cdel!$B$10:$KC$10,IF(ROUNDUP(N5,0)=3,Cdel!$B$11:$KC$11,IF(ROUNDUP(N5,0)=2,Cdel!$B$12:$KC$12,IF(ROUNDUP(N5,0)=1,Cdel!$B$13:$KC$13)))))))} -> 0.84508778 | P5: {=O5-_xlfn.XLOOKUP(P$1,Cdel!$B$1:$KC$1,IF(ROUNDUP(O5,0)=6,Cdel!$B$8:$KC$8,IF(ROUNDUP(O5,0)=5,Cdel!$B$9:$KC$9,IF(ROUNDUP(O5,0)=4,Cdel!$B$10:$KC$10,IF(ROUNDUP(O5,0)=3,Cdel!$B$11:$KC$11,IF(ROUNDUP(O5,0)=2,Cdel!$B$12:$KC$12,IF(ROUNDUP(O5,0)=1,Cdel!$B$13:$KC$13)))))))} -> 0.82171041 | ... DD5: {=DC5-_xlfn.XLOOKUP(DD$1,Cdel!$B$1:$KC$1,IF(ROUNDUP(DC5,0)=6,Cdel!$B$8:$KC$8,IF(ROUNDUP(DC5,0)=5,Cdel!$B$9:$KC$9,IF(ROUNDUP(DC5,0)=4,Cdel!$B$10:$KC$10,IF(ROUNDUP(DC5,0)=3,Cdel!$B$11:$KC$11,IF(ROUNDUP(DC5,0)=2,Cdel!$B$12:$KC$12,IF(ROUNDUP(DC5,0)=1,Cdel!$B$13:$KC$13)))))))} -> 0.062212841
A6: P795 | B6: DI | C6: P795 | D6: 0 | E6: 1930 | G6: =IF(ISNUMBER(F6),(YEAR(TODAY())-(F6)),YEAR(TODAY())-E6) -> 96 | H6: =_xlfn.LET( _xlpm.score,_xlfn.XLOOKUP(G6,DecayFns!$A$2:$A$289,DecayFns!$N$2:$N$289), IF(D6=1,IF(_xlpm.score=6,_xlpm.score,_xlpm.score+1),IF(_xlpm.score=1,_xlpm.score,_xlpm.score-1) )) -> 1 | I6: {=H6-_xlfn.XLOOKUP(I$1,Cdel!$B$1:$KC$1,IF(ROUNDUP(H6,0)=6,Cdel!$B$8:$KC$8,IF(ROUNDUP(H6,0)=5,Cdel!$B$9:$KC$9,IF(ROUNDUP(H6,0)=4,Cdel!$B$10:$KC$10,IF(ROUNDUP(H6,0)=3,Cdel!$B$11:$KC$11,IF(ROUNDUP(H6,0)=2,Cdel!$B$12:$KC$12,IF(ROUNDUP(H6,0)=1,Cdel!$B$13:$KC$13)))))))} -> 1 | J6: {=I6-_xlfn.XLOOKUP(J$1,Cdel!$B$1:$KC$1,IF(ROUNDUP(I6,0)=6,Cdel!$B$8:$KC$8,IF(ROUNDUP(I6,0)=5,Cdel!$B$9:$KC$9,IF(ROUNDUP(I6,0)=4,Cdel!$B$10:$KC$10,IF(ROUNDUP(I6,0)=3,Cdel!$B$11:$KC$11,IF(ROUNDUP(I6,0)=2,Cdel!$B$12:$KC$12,IF(ROUNDUP(I6,0)=1,Cdel!$B$13:$KC$13)))))))} -> 0.97233735 | K6: {=J6-_xlfn.XLOOKUP(K$1,Cdel!$B$1:$KC$1,IF(ROUNDUP(J6,0)=6,Cdel!$B$8:$KC$8,IF(ROUNDUP(J6,0)=5,Cdel!$B$9:$KC$9,IF(ROUNDUP(J6,0)=4,Cdel!$B$10:$KC$10,IF(ROUNDUP(J6,0)=3,Cdel!$B$11:$KC$11,IF(ROUNDUP(J6,0)=2,Cdel!$B$12:$KC$12,IF(ROUNDUP(J6,0)=1,Cdel!$B$13:$KC$13)))))))} -> 0.94543993 | L6: {=K6-_xlfn.XLOOKUP(L$1,Cdel!$B$1:$KC$1,IF(ROUNDUP(K6,0)=6,Cdel!$B$8:$KC$8,IF(ROUNDUP(K6,0)=5,Cdel!$B$9:$KC$9,IF(ROUNDUP(K6,0)=4,Cdel!$B$10:$KC$10,IF(ROUNDUP(K6,0)=3,Cdel!$B$11:$KC$11,IF(ROUNDUP(K6,0)=2,Cdel!$B$12:$KC$12,IF(ROUNDUP(K6,0)=1,Cdel!$B$13:$KC$13)))))))} -> 0.91928656 | M6: {=L6-_xlfn.XLOOKUP(M$1,Cdel!$B$1:$KC$1,IF(ROUNDUP(L6,0)=6,Cdel!$B$8:$KC$8,IF(ROUNDUP(L6,0)=5,Cdel!$B$9:$KC$9,IF(ROUNDUP(L6,0)=4,Cdel!$B$10:$KC$10,IF(ROUNDUP(L6,0)=3,Cdel!$B$11:$KC$11,IF(ROUNDUP(L6,0)=2,Cdel!$B$12:$KC$12,IF(ROUNDUP(L6,0)=1,Cdel!$B$13:$KC$13)))))))} -> 0.89385666 | N6: {=M6-_xlfn.XLOOKUP(N$1,Cdel!$B$1:$KC$1,IF(ROUNDUP(M6,0)=6,Cdel!$B$8:$KC$8,IF(ROUNDUP(M6,0)=5,Cdel!$B$9:$KC$9,IF(ROUNDUP(M6,0)=4,Cdel!$B$10:$KC$10,IF(ROUNDUP(M6,0)=3,Cdel!$B$11:$KC$11,IF(ROUNDUP(M6,0)=2,Cdel!$B$12:$KC$12,IF(ROUNDUP(M6,0)=1,Cdel!$B$13:$KC$13)))))))} -> 0.86913022 | O6: {=N6-_xlfn.XLOOKUP(O$1,Cdel!$B$1:$KC$1,IF(ROUNDUP(N6,0)=6,Cdel!$B$8:$KC$8,IF(ROUNDUP(N6,0)=5,Cdel!$B$9:$KC$9,IF(ROUNDUP(N6,0)=4,Cdel!$B$10:$KC$10,IF(ROUNDUP(N6,0)=3,Cdel!$B$11:$KC$11,IF(ROUNDUP(N6,0)=2,Cdel!$B$12:$KC$12,IF(ROUNDUP(N6,0)=1,Cdel!$B$13:$KC$13)))))))} -> 0.84508778 | P6: {=O6-_xlfn.XLOOKUP(P$1,Cdel!$B$1:$KC$1,IF(ROUNDUP(O6,0)=6,Cdel!$B$8:$KC$8,IF(ROUNDUP(O6,0)=5,Cdel!$B$9:$KC$9,IF(ROUNDUP(O6,0)=4,Cdel!$B$10:$KC$10,IF(ROUNDUP(O6,0)=3,Cdel!$B$11:$KC$11,IF(ROUNDUP(O6,0)=2,Cdel!$B$12:$KC$12,IF(ROUNDUP(O6,0)=1,Cdel!$B$13:$KC$13)))))))} -> 0.82171041 | ... DD6: {=DC6-_xlfn.XLOOKUP(DD$1,Cdel!$B$1:$KC$1,IF(ROUNDUP(DC6,0)=6,Cdel!$B$8:$KC$8,IF(ROUNDUP(DC6,0)=5,Cdel!$B$9:$KC$9,IF(ROUNDUP(DC6,0)=4,Cdel!$B$10:$KC$10,IF(ROUNDUP(DC6,0)=3,Cdel!$B$11:$KC$11,IF(ROUNDUP(DC6,0)=2,Cdel!$B$12:$KC$12,IF(ROUNDUP(DC6,0)=1,Cdel!$B$13:$KC$13)))))))} -> 0.062212841
A7: P797 | B7: DI | C7: P797 | D7: 0 | E7: 1930 | G7: =IF(ISNUMBER(F7),(YEAR(TODAY())-(F7)),YEAR(TODAY())-E7) -> 96 | H7: =_xlfn.LET( _xlpm.score,_xlfn.XLOOKUP(G7,DecayFns!$A$2:$A$289,DecayFns!$N$2:$N$289), IF(D7=1,IF(_xlpm.score=6,_xlpm.score,_xlpm.score+1),IF(_xlpm.score=1,_xlpm.score,_xlpm.score-1) )) -> 1 | I7: {=H7-_xlfn.XLOOKUP(I$1,Cdel!$B$1:$KC$1,IF(ROUNDUP(H7,0)=6,Cdel!$B$8:$KC$8,IF(ROUNDUP(H7,0)=5,Cdel!$B$9:$KC$9,IF(ROUNDUP(H7,0)=4,Cdel!$B$10:$KC$10,IF(ROUNDUP(H7,0)=3,Cdel!$B$11:$KC$11,IF(ROUNDUP(H7,0)=2,Cdel!$B$12:$KC$12,IF(ROUNDUP(H7,0)=1,Cdel!$B$13:$KC$13)))))))} -> 1 | J7: {=I7-_xlfn.XLOOKUP(J$1,Cdel!$B$1:$KC$1,IF(ROUNDUP(I7,0)=6,Cdel!$B$8:$KC$8,IF(ROUNDUP(I7,0)=5,Cdel!$B$9:$KC$9,IF(ROUNDUP(I7,0)=4,Cdel!$B$10:$KC$10,IF(ROUNDUP(I7,0)=3,Cdel!$B$11:$KC$11,IF(ROUNDUP(I7,0)=2,Cdel!$B$12:$KC$12,IF(ROUNDUP(I7,0)=1,Cdel!$B$13:$KC$13)))))))} -> 0.97233735 | K7: {=J7-_xlfn.XLOOKUP(K$1,Cdel!$B$1:$KC$1,IF(ROUNDUP(J7,0)=6,Cdel!$B$8:$KC$8,IF(ROUNDUP(J7,0)=5,Cdel!$B$9:$KC$9,IF(ROUNDUP(J7,0)=4,Cdel!$B$10:$KC$10,IF(ROUNDUP(J7,0)=3,Cdel!$B$11:$KC$11,IF(ROUNDUP(J7,0)=2,Cdel!$B$12:$KC$12,IF(ROUNDUP(J7,0)=1,Cdel!$B$13:$KC$13)))))))} -> 0.94543993 | L7: {=K7-_xlfn.XLOOKUP(L$1,Cdel!$B$1:$KC$1,IF(ROUNDUP(K7,0)=6,Cdel!$B$8:$KC$8,IF(ROUNDUP(K7,0)=5,Cdel!$B$9:$KC$9,IF(ROUNDUP(K7,0)=4,Cdel!$B$10:$KC$10,IF(ROUNDUP(K7,0)=3,Cdel!$B$11:$KC$11,IF(ROUNDUP(K7,0)=2,Cdel!$B$12:$KC$12,IF(ROUNDUP(K7,0)=1,Cdel!$B$13:$KC$13)))))))} -> 0.91928656 | M7: {=L7-_xlfn.XLOOKUP(M$1,Cdel!$B$1:$KC$1,IF(ROUNDUP(L7,0)=6,Cdel!$B$8:$KC$8,IF(ROUNDUP(L7,0)=5,Cdel!$B$9:$KC$9,IF(ROUNDUP(L7,0)=4,Cdel!$B$10:$KC$10,IF(ROUNDUP(L7,0)=3,Cdel!$B$11:$KC$11,IF(ROUNDUP(L7,0)=2,Cdel!$B$12:$KC$12,IF(ROUNDUP(L7,0)=1,Cdel!$B$13:$KC$13)))))))} -> 0.89385666 | N7: {=M7-_xlfn.XLOOKUP(N$1,Cdel!$B$1:$KC$1,IF(ROUNDUP(M7,0)=6,Cdel!$B$8:$KC$8,IF(ROUNDUP(M7,0)=5,Cdel!$B$9:$KC$9,IF(ROUNDUP(M7,0)=4,Cdel!$B$10:$KC$10,IF(ROUNDUP(M7,0)=3,Cdel!$B$11:$KC$11,IF(ROUNDUP(M7,0)=2,Cdel!$B$12:$KC$12,IF(ROUNDUP(M7,0)=1,Cdel!$B$13:$KC$13)))))))} -> 0.86913022 | O7: {=N7-_xlfn.XLOOKUP(O$1,Cdel!$B$1:$KC$1,IF(ROUNDUP(N7,0)=6,Cdel!$B$8:$KC$8,IF(ROUNDUP(N7,0)=5,Cdel!$B$9:$KC$9,IF(ROUNDUP(N7,0)=4,Cdel!$B$10:$KC$10,IF(ROUNDUP(N7,0)=3,Cdel!$B$11:$KC$11,IF(ROUNDUP(N7,0)=2,Cdel!$B$12:$KC$12,IF(ROUNDUP(N7,0)=1,Cdel!$B$13:$KC$13)))))))} -> 0.84508778 | P7: {=O7-_xlfn.XLOOKUP(P$1,Cdel!$B$1:$KC$1,IF(ROUNDUP(O7,0)=6,Cdel!$B$8:$KC$8,IF(ROUNDUP(O7,0)=5,Cdel!$B$9:$KC$9,IF(ROUNDUP(O7,0)=4,Cdel!$B$10:$KC$10,IF(ROUNDUP(O7,0)=3,Cdel!$B$11:$KC$11,IF(ROUNDUP(O7,0)=2,Cdel!$B$12:$KC$12,IF(ROUNDUP(O7,0)=1,Cdel!$B$13:$KC$13)))))))} -> 0.82171041 | ... DD7: {=DC7-_xlfn.XLOOKUP(DD$1,Cdel!$B$1:$KC$1,IF(ROUNDUP(DC7,0)=6,Cdel!$B$8:$KC$8,IF(ROUNDUP(DC7,0)=5,Cdel!$B$9:$KC$9,IF(ROUNDUP(DC7,0)=4,Cdel!$B$10:$KC$10,IF(ROUNDUP(DC7,0)=3,Cdel!$B$11:$KC$11,IF(ROUNDUP(DC7,0)=2,Cdel!$B$12:$KC$12,IF(ROUNDUP(DC7,0)=1,Cdel!$B$13:$KC$13)))))))} -> 0.062212841
A8: P799 | B8: DI | C8: P799 | D8: 0 | E8: 1930 | G8: =IF(ISNUMBER(F8),(YEAR(TODAY())-(F8)),YEAR(TODAY())-E8) -> 96 | H8: =_xlfn.LET( _xlpm.score,_xlfn.XLOOKUP(G8,DecayFns!$A$2:$A$289,DecayFns!$N$2:$N$289), IF(D8=1,IF(_xlpm.score=6,_xlpm.score,_xlpm.score+1),IF(_xlpm.score=1,_xlpm.score,_xlpm.score-1) )) -> 1 | I8: {=H8-_xlfn.XLOOKUP(I$1,Cdel!$B$1:$KC$1,IF(ROUNDUP(H8,0)=6,Cdel!$B$8:$KC$8,IF(ROUNDUP(H8,0)=5,Cdel!$B$9:$KC$9,IF(ROUNDUP(H8,0)=4,Cdel!$B$10:$KC$10,IF(ROUNDUP(H8,0)=3,Cdel!$B$11:$KC$11,IF(ROUNDUP(H8,0)=2,Cdel!$B$12:$KC$12,IF(ROUNDUP(H8,0)=1,Cdel!$B$13:$KC$13)))))))} -> 1 | J8: {=I8-_xlfn.XLOOKUP(J$1,Cdel!$B$1:$KC$1,IF(ROUNDUP(I8,0)=6,Cdel!$B$8:$KC$8,IF(ROUNDUP(I8,0)=5,Cdel!$B$9:$KC$9,IF(ROUNDUP(I8,0)=4,Cdel!$B$10:$KC$10,IF(ROUNDUP(I8,0)=3,Cdel!$B$11:$KC$11,IF(ROUNDUP(I8,0)=2,Cdel!$B$12:$KC$12,IF(ROUNDUP(I8,0)=1,Cdel!$B$13:$KC$13)))))))} -> 0.97233735 | K8: {=J8-_xlfn.XLOOKUP(K$1,Cdel!$B$1:$KC$1,IF(ROUNDUP(J8,0)=6,Cdel!$B$8:$KC$8,IF(ROUNDUP(J8,0)=5,Cdel!$B$9:$KC$9,IF(ROUNDUP(J8,0)=4,Cdel!$B$10:$KC$10,IF(ROUNDUP(J8,0)=3,Cdel!$B$11:$KC$11,IF(ROUNDUP(J8,0)=2,Cdel!$B$12:$KC$12,IF(ROUNDUP(J8,0)=1,Cdel!$B$13:$KC$13)))))))} -> 0.94543993 | L8: {=K8-_xlfn.XLOOKUP(L$1,Cdel!$B$1:$KC$1,IF(ROUNDUP(K8,0)=6,Cdel!$B$8:$KC$8,IF(ROUNDUP(K8,0)=5,Cdel!$B$9:$KC$9,IF(ROUNDUP(K8,0)=4,Cdel!$B$10:$KC$10,IF(ROUNDUP(K8,0)=3,Cdel!$B$11:$KC$11,IF(ROUNDUP(K8,0)=2,Cdel!$B$12:$KC$12,IF(ROUNDUP(K8,0)=1,Cdel!$B$13:$KC$13)))))))} -> 0.91928656 | M8: {=L8-_xlfn.XLOOKUP(M$1,Cdel!$B$1:$KC$1,IF(ROUNDUP(L8,0)=6,Cdel!$B$8:$KC$8,IF(ROUNDUP(L8,0)=5,Cdel!$B$9:$KC$9,IF(ROUNDUP(L8,0)=4,Cdel!$B$10:$KC$10,IF(ROUNDUP(L8,0)=3,Cdel!$B$11:$KC$11,IF(ROUNDUP(L8,0)=2,Cdel!$B$12:$KC$12,IF(ROUNDUP(L8,0)=1,Cdel!$B$13:$KC$13)))))))} -> 0.89385666 | N8: {=M8-_xlfn.XLOOKUP(N$1,Cdel!$B$1:$KC$1,IF(ROUNDUP(M8,0)=6,Cdel!$B$8:$KC$8,IF(ROUNDUP(M8,0)=5,Cdel!$B$9:$KC$9,IF(ROUNDUP(M8,0)=4,Cdel!$B$10:$KC$10,IF(ROUNDUP(M8,0)=3,Cdel!$B$11:$KC$11,IF(ROUNDUP(M8,0)=2,Cdel!$B$12:$KC$12,IF(ROUNDUP(M8,0)=1,Cdel!$B$13:$KC$13)))))))} -> 0.86913022 | O8: {=N8-_xlfn.XLOOKUP(O$1,Cdel!$B$1:$KC$1,IF(ROUNDUP(N8,0)=6,Cdel!$B$8:$KC$8,IF(ROUNDUP(N8,0)=5,Cdel!$B$9:$KC$9,IF(ROUNDUP(N8,0)=4,Cdel!$B$10:$KC$10,IF(ROUNDUP(N8,0)=3,Cdel!$B$11:$KC$11,IF(ROUNDUP(N8,0)=2,Cdel!$B$12:$KC$12,IF(ROUNDUP(N8,0)=1,Cdel!$B$13:$KC$13)))))))} -> 0.84508778 | P8: {=O8-_xlfn.XLOOKUP(P$1,Cdel!$B$1:$KC$1,IF(ROUNDUP(O8,0)=6,Cdel!$B$8:$KC$8,IF(ROUNDUP(O8,0)=5,Cdel!$B$9:$KC$9,IF(ROUNDUP(O8,0)=4,Cdel!$B$10:$KC$10,IF(ROUNDUP(O8,0)=3,Cdel!$B$11:$KC$11,IF(ROUNDUP(O8,0)=2,Cdel!$B$12:$KC$12,IF(ROUNDUP(O8,0)=1,Cdel!$B$13:$KC$13)))))))} -> 0.82171041 | ... DD8: {=DC8-_xlfn.XLOOKUP(DD$1,Cdel!$B$1:$KC$1,IF(ROUNDUP(DC8,0)=6,Cdel!$B$8:$KC$8,IF(ROUNDUP(DC8,0)=5,Cdel!$B$9:$KC$9,IF(ROUNDUP(DC8,0)=4,Cdel!$B$10:$KC$10,IF(ROUNDUP(DC8,0)=3,Cdel!$B$11:$KC$11,IF(ROUNDUP(DC8,0)=2,Cdel!$B$12:$KC$12,IF(ROUNDUP(DC8,0)=1,Cdel!$B$13:$KC$13)))))))} -> 0.062212841
A9: P801 | B9: DI | C9: P801 | D9: 0 | E9: 1930 | G9: =IF(ISNUMBER(F9),(YEAR(TODAY())-(F9)),YEAR(TODAY())-E9) -> 96 | H9: =_xlfn.LET( _xlpm.score,_xlfn.XLOOKUP(G9,DecayFns!$A$2:$A$289,DecayFns!$N$2:$N$289), IF(D9=1,IF(_xlpm.score=6,_xlpm.score,_xlpm.score+1),IF(_xlpm.score=1,_xlpm.score,_xlpm.score-1) )) -> 1 | I9: {=H9-_xlfn.XLOOKUP(I$1,Cdel!$B$1:$KC$1,IF(ROUNDUP(H9,0)=6,Cdel!$B$8:$KC$8,IF(ROUNDUP(H9,0)=5,Cdel!$B$9:$KC$9,IF(ROUNDUP(H9,0)=4,Cdel!$B$10:$KC$10,IF(ROUNDUP(H9,0)=3,Cdel!$B$11:$KC$11,IF(ROUNDUP(H9,0)=2,Cdel!$B$12:$KC$12,IF(ROUNDUP(H9,0)=1,Cdel!$B$13:$KC$13)))))))} -> 1 | J9: {=I9-_xlfn.XLOOKUP(J$1,Cdel!$B$1:$KC$1,IF(ROUNDUP(I9,0)=6,Cdel!$B$8:$KC$8,IF(ROUNDUP(I9,0)=5,Cdel!$B$9:$KC$9,IF(ROUNDUP(I9,0)=4,Cdel!$B$10:$KC$10,IF(ROUNDUP(I9,0)=3,Cdel!$B$11:$KC$11,IF(ROUNDUP(I9,0)=2,Cdel!$B$12:$KC$12,IF(ROUNDUP(I9,0)=1,Cdel!$B$13:$KC$13)))))))} -> 0.97233735 | K9: {=J9-_xlfn.XLOOKUP(K$1,Cdel!$B$1:$KC$1,IF(ROUNDUP(J9,0)=6,Cdel!$B$8:$KC$8,IF(ROUNDUP(J9,0)=5,Cdel!$B$9:$KC$9,IF(ROUNDUP(J9,0)=4,Cdel!$B$10:$KC$10,IF(ROUNDUP(J9,0)=3,Cdel!$B$11:$KC$11,IF(ROUNDUP(J9,0)=2,Cdel!$B$12:$KC$12,IF(ROUNDUP(J9,0)=1,Cdel!$B$13:$KC$13)))))))} -> 0.94543993 | L9: {=K9-_xlfn.XLOOKUP(L$1,Cdel!$B$1:$KC$1,IF(ROUNDUP(K9,0)=6,Cdel!$B$8:$KC$8,IF(ROUNDUP(K9,0)=5,Cdel!$B$9:$KC$9,IF(ROUNDUP(K9,0)=4,Cdel!$B$10:$KC$10,IF(ROUNDUP(K9,0)=3,Cdel!$B$11:$KC$11,IF(ROUNDUP(K9,0)=2,Cdel!$B$12:$KC$12,IF(ROUNDUP(K9,0)=1,Cdel!$B$13:$KC$13)))))))} -> 0.91928656 | M9: {=L9-_xlfn.XLOOKUP(M$1,Cdel!$B$1:$KC$1,IF(ROUNDUP(L9,0)=6,Cdel!$B$8:$KC$8,IF(ROUNDUP(L9,0)=5,Cdel!$B$9:$KC$9,IF(ROUNDUP(L9,0)=4,Cdel!$B$10:$KC$10,IF(ROUNDUP(L9,0)=3,Cdel!$B$11:$KC$11,IF(ROUNDUP(L9,0)=2,Cdel!$B$12:$KC$12,IF(ROUNDUP(L9,0)=1,Cdel!$B$13:$KC$13)))))))} -> 0.89385666 | N9: {=M9-_xlfn.XLOOKUP(N$1,Cdel!$B$1:$KC$1,IF(ROUNDUP(M9,0)=6,Cdel!$B$8:$KC$8,IF(ROUNDUP(M9,0)=5,Cdel!$B$9:$KC$9,IF(ROUNDUP(M9,0)=4,Cdel!$B$10:$KC$10,IF(ROUNDUP(M9,0)=3,Cdel!$B$11:$KC$11,IF(ROUNDUP(M9,0)=2,Cdel!$B$12:$KC$12,IF(ROUNDUP(M9,0)=1,Cdel!$B$13:$KC$13)))))))} -> 0.86913022 | O9: {=N9-_xlfn.XLOOKUP(O$1,Cdel!$B$1:$KC$1,IF(ROUNDUP(N9,0)=6,Cdel!$B$8:$KC$8,IF(ROUNDUP(N9,0)=5,Cdel!$B$9:$KC$9,IF(ROUNDUP(N9,0)=4,Cdel!$B$10:$KC$10,IF(ROUNDUP(N9,0)=3,Cdel!$B$11:$KC$11,IF(ROUNDUP(N9,0)=2,Cdel!$B$12:$KC$12,IF(ROUNDUP(N9,0)=1,Cdel!$B$13:$KC$13)))))))} -> 0.84508778 | P9: {=O9-_xlfn.XLOOKUP(P$1,Cdel!$B$1:$KC$1,IF(ROUNDUP(O9,0)=6,Cdel!$B$8:$KC$8,IF(ROUNDUP(O9,0)=5,Cdel!$B$9:$KC$9,IF(ROUNDUP(O9,0)=4,Cdel!$B$10:$KC$10,IF(ROUNDUP(O9,0)=3,Cdel!$B$11:$KC$11,IF(ROUNDUP(O9,0)=2,Cdel!$B$12:$KC$12,IF(ROUNDUP(O9,0)=1,Cdel!$B$13:$KC$13)))))))} -> 0.82171041 | ... DD9: {=DC9-_xlfn.XLOOKUP(DD$1,Cdel!$B$1:$KC$1,IF(ROUNDUP(DC9,0)=6,Cdel!$B$8:$KC$8,IF(ROUNDUP(DC9,0)=5,Cdel!$B$9:$KC$9,IF(ROUNDUP(DC9,0)=4,Cdel!$B$10:$KC$10,IF(ROUNDUP(DC9,0)=3,Cdel!$B$11:$KC$11,IF(ROUNDUP(DC9,0)=2,Cdel!$B$12:$KC$12,IF(ROUNDUP(DC9,0)=1,Cdel!$B$13:$KC$13)))))))} -> 0.062212841
A10: P803 | B10: DI | C10: P803 | D10: 0 | E10: 1950 | G10: =IF(ISNUMBER(F10),(YEAR(TODAY())-(F10)),YEAR(TODAY())-E10) -> 76 | H10: =_xlfn.LET( _xlpm.score,_xlfn.XLOOKUP(G10,DecayFns!$A$2:$A$289,DecayFns!$N$2:$N$289), IF(D10=1,IF(_xlpm.score=6,_xlpm.score,_xlpm.score+1),IF(_xlpm.score=1,_xlpm.score,_xlpm.score-1) )) -> 1 | I10: {=H10-_xlfn.XLOOKUP(I$1,Cdel!$B$1:$KC$1,IF(ROUNDUP(H10,0)=6,Cdel!$B$8:$KC$8,IF(ROUNDUP(H10,0)=5,Cdel!$B$9:$KC$9,IF(ROUNDUP(H10,0)=4,Cdel!$B$10:$KC$10,IF(ROUNDUP(H10,0)=3,Cdel!$B$11:$KC$11,IF(ROUNDUP(H10,0)=2,Cdel!$B$12:$KC$12,IF(ROUNDUP(H10,0)=1,Cdel!$B$13:$KC$13)))))))} -> 1 | J10: {=I10-_xlfn.XLOOKUP(J$1,Cdel!$B$1:$KC$1,IF(ROUNDUP(I10,0)=6,Cdel!$B$8:$KC$8,IF(ROUNDUP(I10,0)=5,Cdel!$B$9:$KC$9,IF(ROUNDUP(I10,0)=4,Cdel!$B$10:$KC$10,IF(ROUNDUP(I10,0)=3,Cdel!$B$11:$KC$11,IF(ROUNDUP(I10,0)=2,Cdel!$B$12:$KC$12,IF(ROUNDUP(I10,0)=1,Cdel!$B$13:$KC$13)))))))} -> 0.97233735 | K10: {=J10-_xlfn.XLOOKUP(K$1,Cdel!$B$1:$KC$1,IF(ROUNDUP(J10,0)=6,Cdel!$B$8:$KC$8,IF(ROUNDUP(J10,0)=5,Cdel!$B$9:$KC$9,IF(ROUNDUP(J10,0)=4,Cdel!$B$10:$KC$10,IF(ROUNDUP(J10,0)=3,Cdel!$B$11:$KC$11,IF(ROUNDUP(J10,0)=2,Cdel!$B$12:$KC$12,IF(ROUNDUP(J10,0)=1,Cdel!$B$13:$KC$13)))))))} -> 0.94543993 | L10: {=K10-_xlfn.XLOOKUP(L$1,Cdel!$B$1:$KC$1,IF(ROUNDUP(K10,0)=6,Cdel!$B$8:$KC$8,IF(ROUNDUP(K10,0)=5,Cdel!$B$9:$KC$9,IF(ROUNDUP(K10,0)=4,Cdel!$B$10:$KC$10,IF(ROUNDUP(K10,0)=3,Cdel!$B$11:$KC$11,IF(ROUNDUP(K10,0)=2,Cdel!$B$12:$KC$12,IF(ROUNDUP(K10,0)=1,Cdel!$B$13:$KC$13)))))))} -> 0.91928656 | M10: {=L10-_xlfn.XLOOKUP(M$1,Cdel!$B$1:$KC$1,IF(ROUNDUP(L10,0)=6,Cdel!$B$8:$KC$8,IF(ROUNDUP(L10,0)=5,Cdel!$B$9:$KC$9,IF(ROUNDUP(L10,0)=4,Cdel!$B$10:$KC$10,IF(ROUNDUP(L10,0)=3,Cdel!$B$11:$KC$11,IF(ROUNDUP(L10,0)=2,Cdel!$B$12:$KC$12,IF(ROUNDUP(L10,0)=1,Cdel!$B$13:$KC$13)))))))} -> 0.89385666 | N10: {=M10-_xlfn.XLOOKUP(N$1,Cdel!$B$1:$KC$1,IF(ROUNDUP(M10,0)=6,Cdel!$B$8:$KC$8,IF(ROUNDUP(M10,0)=5,Cdel!$B$9:$KC$9,IF(ROUNDUP(M10,0)=4,Cdel!$B$10:$KC$10,IF(ROUNDUP(M10,0)=3,Cdel!$B$11:$KC$11,IF(ROUNDUP(M10,0)=2,Cdel!$B$12:$KC$12,IF(ROUNDUP(M10,0)=1,Cdel!$B$13:$KC$13)))))))} -> 0.86913022 | O10: {=N10-_xlfn.XLOOKUP(O$1,Cdel!$B$1:$KC$1,IF(ROUNDUP(N10,0)=6,Cdel!$B$8:$KC$8,IF(ROUNDUP(N10,0)=5,Cdel!$B$9:$KC$9,IF(ROUNDUP(N10,0)=4,Cdel!$B$10:$KC$10,IF(ROUNDUP(N10,0)=3,Cdel!$B$11:$KC$11,IF(ROUNDUP(N10,0)=2,Cdel!$B$12:$KC$12,IF(ROUNDUP(N10,0)=1,Cdel!$B$13:$KC$13)))))))} -> 0.84508778 | P10: {=O10-_xlfn.XLOOKUP(P$1,Cdel!$B$1:$KC$1,IF(ROUNDUP(O10,0)=6,Cdel!$B$8:$KC$8,IF(ROUNDUP(O10,0)=5,Cdel!$B$9:$KC$9,IF(ROUNDUP(O10,0)=4,Cdel!$B$10:$KC$10,IF(ROUNDUP(O10,0)=3,Cdel!$B$11:$KC$11,IF(ROUNDUP(O10,0)=2,Cdel!$B$12:$KC$12,IF(ROUNDUP(O10,0)=1,Cdel!$B$13:$KC$13)))))))} -> 0.82171041 | ... DD10: {=DC10-_xlfn.XLOOKUP(DD$1,Cdel!$B$1:$KC$1,IF(ROUNDUP(DC10,0)=6,Cdel!$B$8:$KC$8,IF(ROUNDUP(DC10,0)=5,Cdel!$B$9:$KC$9,IF(ROUNDUP(DC10,0)=4,Cdel!$B$10:$KC$10,IF(ROUNDUP(DC10,0)=3,Cdel!$B$11:$KC$11,IF(ROUNDUP(DC10,0)=2,Cdel!$B$12:$KC$12,IF(ROUNDUP(DC10,0)=1,Cdel!$B$13:$KC$13)))))))} -> 0.062212841
A11: P805 | B11: DI | C11: P805 | D11: 0 | E11: 1930 | G11: =IF(ISNUMBER(F11),(YEAR(TODAY())-(F11)),YEAR(TODAY())-E11) -> 96 | H11: =_xlfn.LET( _xlpm.score,_xlfn.XLOOKUP(G11,DecayFns!$A$2:$A$289,DecayFns!$N$2:$N$289), IF(D11=1,IF(_xlpm.score=6,_xlpm.score,_xlpm.score+1),IF(_xlpm.score=1,_xlpm.score,_xlpm.score-1) )) -> 1 | I11: {=H11-_xlfn.XLOOKUP(I$1,Cdel!$B$1:$KC$1,IF(ROUNDUP(H11,0)=6,Cdel!$B$8:$KC$8,IF(ROUNDUP(H11,0)=5,Cdel!$B$9:$KC$9,IF(ROUNDUP(H11,0)=4,Cdel!$B$10:$KC$10,IF(ROUNDUP(H11,0)=3,Cdel!$B$11:$KC$11,IF(ROUNDUP(H11,0)=2,Cdel!$B$12:$KC$12,IF(ROUNDUP(H11,0)=1,Cdel!$B$13:$KC$13)))))))} -> 1 | J11: {=I11-_xlfn.XLOOKUP(J$1,Cdel!$B$1:$KC$1,IF(ROUNDUP(I11,0)=6,Cdel!$B$8:$KC$8,IF(ROUNDUP(I11,0)=5,Cdel!$B$9:$KC$9,IF(ROUNDUP(I11,0)=4,Cdel!$B$10:$KC$10,IF(ROUNDUP(I11,0)=3,Cdel!$B$11:$KC$11,IF(ROUNDUP(I11,0)=2,Cdel!$B$12:$KC$12,IF(ROUNDUP(I11,0)=1,Cdel!$B$13:$KC$13)))))))} -> 0.97233735 | K11: {=J11-_xlfn.XLOOKUP(K$1,Cdel!$B$1:$KC$1,IF(ROUNDUP(J11,0)=6,Cdel!$B$8:$KC$8,IF(ROUNDUP(J11,0)=5,Cdel!$B$9:$KC$9,IF(ROUNDUP(J11,0)=4,Cdel!$B$10:$KC$10,IF(ROUNDUP(J11,0)=3,Cdel!$B$11:$KC$11,IF(ROUNDUP(J11,0)=2,Cdel!$B$12:$KC$12,IF(ROUNDUP(J11,0)=1,Cdel!$B$13:$KC$13)))))))} -> 0.94543993 | L11: {=K11-_xlfn.XLOOKUP(L$1,Cdel!$B$1:$KC$1,IF(ROUNDUP(K11,0)=6,Cdel!$B$8:$KC$8,IF(ROUNDUP(K11,0)=5,Cdel!$B$9:$KC$9,IF(ROUNDUP(K11,0)=4,Cdel!$B$10:$KC$10,IF(ROUNDUP(K11,0)=3,Cdel!$B$11:$KC$11,IF(ROUNDUP(K11,0)=2,Cdel!$B$12:$KC$12,IF(ROUNDUP(K11,0)=1,Cdel!$B$13:$KC$13)))))))} -> 0.91928656 | M11: {=L11-_xlfn.XLOOKUP(M$1,Cdel!$B$1:$KC$1,IF(ROUNDUP(L11,0)=6,Cdel!$B$8:$KC$8,IF(ROUNDUP(L11,0)=5,Cdel!$B$9:$KC$9,IF(ROUNDUP(L11,0)=4,Cdel!$B$10:$KC$10,IF(ROUNDUP(L11,0)=3,Cdel!$B$11:$KC$11,IF(ROUNDUP(L11,0)=2,Cdel!$B$12:$KC$12,IF(ROUNDUP(L11,0)=1,Cdel!$B$13:$KC$13)))))))} -> 0.89385666 | N11: {=M11-_xlfn.XLOOKUP(N$1,Cdel!$B$1:$KC$1,IF(ROUNDUP(M11,0)=6,Cdel!$B$8:$KC$8,IF(ROUNDUP(M11,0)=5,Cdel!$B$9:$KC$9,IF(ROUNDUP(M11,0)=4,Cdel!$B$10:$KC$10,IF(ROUNDUP(M11,0)=3,Cdel!$B$11:$KC$11,IF(ROUNDUP(M11,0)=2,Cdel!$B$12:$KC$12,IF(ROUNDUP(M11,0)=1,Cdel!$B$13:$KC$13)))))))} -> 0.86913022 | O11: {=N11-_xlfn.XLOOKUP(O$1,Cdel!$B$1:$KC$1,IF(ROUNDUP(N11,0)=6,Cdel!$B$8:$KC$8,IF(ROUNDUP(N11,0)=5,Cdel!$B$9:$KC$9,IF(ROUNDUP(N11,0)=4,Cdel!$B$10:$KC$10,IF(ROUNDUP(N11,0)=3,Cdel!$B$11:$KC$11,IF(ROUNDUP(N11,0)=2,Cdel!$B$12:$KC$12,IF(ROUNDUP(N11,0)=1,Cdel!$B$13:$KC$13)))))))} -> 0.84508778 | P11: {=O11-_xlfn.XLOOKUP(P$1,Cdel!$B$1:$KC$1,IF(ROUNDUP(O11,0)=6,Cdel!$B$8:$KC$8,IF(ROUNDUP(O11,0)=5,Cdel!$B$9:$KC$9,IF(ROUNDUP(O11,0)=4,Cdel!$B$10:$KC$10,IF(ROUNDUP(O11,0)=3,Cdel!$B$11:$KC$11,IF(ROUNDUP(O11,0)=2,Cdel!$B$12:$KC$12,IF(ROUNDUP(O11,0)=1,Cdel!$B$13:$KC$13)))))))} -> 0.82171041 | ... DD11: {=DC11-_xlfn.XLOOKUP(DD$1,Cdel!$B$1:$KC$1,IF(ROUNDUP(DC11,0)=6,Cdel!$B$8:$KC$8,IF(ROUNDUP(DC11,0)=5,Cdel!$B$9:$KC$9,IF(ROUNDUP(DC11,0)=4,Cdel!$B$10:$KC$10,IF(ROUNDUP(DC11,0)=3,Cdel!$B$11:$KC$11,IF(ROUNDUP(DC11,0)=2,Cdel!$B$12:$KC$12,IF(ROUNDUP(DC11,0)=1,Cdel!$B$13:$KC$13)))))))} -> 0.062212841
A12: P807 | B12: DI | C12: P807 | D12: 0 | E12: 1980 | G12: =IF(ISNUMBER(F12),(YEAR(TODAY())-(F12)),YEAR(TODAY())-E12) -> 46 | H12: =_xlfn.LET( _xlpm.score,_xlfn.XLOOKUP(G12,DecayFns!$A$2:$A$289,DecayFns!$N$2:$N$289), IF(D12=1,IF(_xlpm.score=6,_xlpm.score,_xlpm.score+1),IF(_xlpm.score=1,_xlpm.score,_xlpm.score-1) )) -> 1 | I12: {=H12-_xlfn.XLOOKUP(I$1,Cdel!$B$1:$KC$1,IF(ROUNDUP(H12,0)=6,Cdel!$B$8:$KC$8,IF(ROUNDUP(H12,0)=5,Cdel!$B$9:$KC$9,IF(ROUNDUP(H12,0)=4,Cdel!$B$10:$KC$10,IF(ROUNDUP(H12,0)=3,Cdel!$B$11:$KC$11,IF(ROUNDUP(H12,0)=2,Cdel!$B$12:$KC$12,IF(ROUNDUP(H12,0)=1,Cdel!$B$13:$KC$13)))))))} -> 1 | J12: {=I12-_xlfn.XLOOKUP(J$1,Cdel!$B$1:$KC$1,IF(ROUNDUP(I12,0)=6,Cdel!$B$8:$KC$8,IF(ROUNDUP(I12,0)=5,Cdel!$B$9:$KC$9,IF(ROUNDUP(I12,0)=4,Cdel!$B$10:$KC$10,IF(ROUNDUP(I12,0)=3,Cdel!$B$11:$KC$11,IF(ROUNDUP(I12,0)=2,Cdel!$B$12:$KC$12,IF(ROUNDUP(I12,0)=1,Cdel!$B$13:$KC$13)))))))} -> 0.97233735 | K12: {=J12-_xlfn.XLOOKUP(K$1,Cdel!$B$1:$KC$1,IF(ROUNDUP(J12,0)=6,Cdel!$B$8:$KC$8,IF(ROUNDUP(J12,0)=5,Cdel!$B$9:$KC$9,IF(ROUNDUP(J12,0)=4,Cdel!$B$10:$KC$10,IF(ROUNDUP(J12,0)=3,Cdel!$B$11:$KC$11,IF(ROUNDUP(J12,0)=2,Cdel!$B$12:$KC$12,IF(ROUNDUP(J12,0)=1,Cdel!$B$13:$KC$13)))))))} -> 0.94543993 | L12: {=K12-_xlfn.XLOOKUP(L$1,Cdel!$B$1:$KC$1,IF(ROUNDUP(K12,0)=6,Cdel!$B$8:$KC$8,IF(ROUNDUP(K12,0)=5,Cdel!$B$9:$KC$9,IF(ROUNDUP(K12,0)=4,Cdel!$B$10:$KC$10,IF(ROUNDUP(K12,0)=3,Cdel!$B$11:$KC$11,IF(ROUNDUP(K12,0)=2,Cdel!$B$12:$KC$12,IF(ROUNDUP(K12,0)=1,Cdel!$B$13:$KC$13)))))))} -> 0.91928656 | M12: {=L12-_xlfn.XLOOKUP(M$1,Cdel!$B$1:$KC$1,IF(ROUNDUP(L12,0)=6,Cdel!$B$8:$KC$8,IF(ROUNDUP(L12,0)=5,Cdel!$B$9:$KC$9,IF(ROUNDUP(L12,0)=4,Cdel!$B$10:$KC$10,IF(ROUNDUP(L12,0)=3,Cdel!$B$11:$KC$11,IF(ROUNDUP(L12,0)=2,Cdel!$B$12:$KC$12,IF(ROUNDUP(L12,0)=1,Cdel!$B$13:$KC$13)))))))} -> 0.89385666 | N12: {=M12-_xlfn.XLOOKUP(N$1,Cdel!$B$1:$KC$1,IF(ROUNDUP(M12,0)=6,Cdel!$B$8:$KC$8,IF(ROUNDUP(M12,0)=5,Cdel!$B$9:$KC$9,IF(ROUNDUP(M12,0)=4,Cdel!$B$10:$KC$10,IF(ROUNDUP(M12,0)=3,Cdel!$B$11:$KC$11,IF(ROUNDUP(M12,0)=2,Cdel!$B$12:$KC$12,IF(ROUNDUP(M12,0)=1,Cdel!$B$13:$KC$13)))))))} -> 0.86913022 | O12: {=N12-_xlfn.XLOOKUP(O$1,Cdel!$B$1:$KC$1,IF(ROUNDUP(N12,0)=6,Cdel!$B$8:$KC$8,IF(ROUNDUP(N12,0)=5,Cdel!$B$9:$KC$9,IF(ROUNDUP(N12,0)=4,Cdel!$B$10:$KC$10,IF(ROUNDUP(N12,0)=3,Cdel!$B$11:$KC$11,IF(ROUNDUP(N12,0)=2,Cdel!$B$12:$KC$12,IF(ROUNDUP(N12,0)=1,Cdel!$B$13:$KC$13)))))))} -> 0.84508778 | P12: {=O12-_xlfn.XLOOKUP(P$1,Cdel!$B$1:$KC$1,IF(ROUNDUP(O12,0)=6,Cdel!$B$8:$KC$8,IF(ROUNDUP(O12,0)=5,Cdel!$B$9:$KC$9,IF(ROUNDUP(O12,0)=4,Cdel!$B$10:$KC$10,IF(ROUNDUP(O12,0)=3,Cdel!$B$11:$KC$11,IF(ROUNDUP(O12,0)=2,Cdel!$B$12:$KC$12,IF(ROUNDUP(O12,0)=1,Cdel!$B$13:$KC$13)))))))} -> 0.82171041 | ... DD12: {=DC12-_xlfn.XLOOKUP(DD$1,Cdel!$B$1:$KC$1,IF(ROUNDUP(DC12,0)=6,Cdel!$B$8:$KC$8,IF(ROUNDUP(DC12,0)=5,Cdel!$B$9:$KC$9,IF(ROUNDUP(DC12,0)=4,Cdel!$B$10:$KC$10,IF(ROUNDUP(DC12,0)=3,Cdel!$B$11:$KC$11,IF(ROUNDUP(DC12,0)=2,Cdel!$B$12:$KC$12,IF(ROUNDUP(DC12,0)=1,Cdel!$B$13:$KC$13)))))))} -> 0.062212841
A13: P809 | B13: DI | C13: P809 | D13: 0 | E13: 1980 | G13: =IF(ISNUMBER(F13),(YEAR(TODAY())-(F13)),YEAR(TODAY())-E13) -> 46 | H13: =_xlfn.LET( _xlpm.score,_xlfn.XLOOKUP(G13,DecayFns!$A$2:$A$289,DecayFns!$N$2:$N$289), IF(D13=1,IF(_xlpm.score=6,_xlpm.score,_xlpm.score+1),IF(_xlpm.score=1,_xlpm.score,_xlpm.score-1) )) -> 1 | I13: {=H13-_xlfn.XLOOKUP(I$1,Cdel!$B$1:$KC$1,IF(ROUNDUP(H13,0)=6,Cdel!$B$8:$KC$8,IF(ROUNDUP(H13,0)=5,Cdel!$B$9:$KC$9,IF(ROUNDUP(H13,0)=4,Cdel!$B$10:$KC$10,IF(ROUNDUP(H13,0)=3,Cdel!$B$11:$KC$11,IF(ROUNDUP(H13,0)=2,Cdel!$B$12:$KC$12,IF(ROUNDUP(H13,0)=1,Cdel!$B$13:$KC$13)))))))} -> 1 | J13: {=I13-_xlfn.XLOOKUP(J$1,Cdel!$B$1:$KC$1,IF(ROUNDUP(I13,0)=6,Cdel!$B$8:$KC$8,IF(ROUNDUP(I13,0)=5,Cdel!$B$9:$KC$9,IF(ROUNDUP(I13,0)=4,Cdel!$B$10:$KC$10,IF(ROUNDUP(I13,0)=3,Cdel!$B$11:$KC$11,IF(ROUNDUP(I13,0)=2,Cdel!$B$12:$KC$12,IF(ROUNDUP(I13,0)=1,Cdel!$B$13:$KC$13)))))))} -> 0.97233735 | K13: {=J13-_xlfn.XLOOKUP(K$1,Cdel!$B$1:$KC$1,IF(ROUNDUP(J13,0)=6,Cdel!$B$8:$KC$8,IF(ROUNDUP(J13,0)=5,Cdel!$B$9:$KC$9,IF(ROUNDUP(J13,0)=4,Cdel!$B$10:$KC$10,IF(ROUNDUP(J13,0)=3,Cdel!$B$11:$KC$11,IF(ROUNDUP(J13,0)=2,Cdel!$B$12:$KC$12,IF(ROUNDUP(J13,0)=1,Cdel!$B$13:$KC$13)))))))} -> 0.94543993 | L13: {=K13-_xlfn.XLOOKUP(L$1,Cdel!$B$1:$KC$1,IF(ROUNDUP(K13,0)=6,Cdel!$B$8:$KC$8,IF(ROUNDUP(K13,0)=5,Cdel!$B$9:$KC$9,IF(ROUNDUP(K13,0)=4,Cdel!$B$10:$KC$10,IF(ROUNDUP(K13,0)=3,Cdel!$B$11:$KC$11,IF(ROUNDUP(K13,0)=2,Cdel!$B$12:$KC$12,IF(ROUNDUP(K13,0)=1,Cdel!$B$13:$KC$13)))))))} -> 0.91928656 | M13: {=L13-_xlfn.XLOOKUP(M$1,Cdel!$B$1:$KC$1,IF(ROUNDUP(L13,0)=6,Cdel!$B$8:$KC$8,IF(ROUNDUP(L13,0)=5,Cdel!$B$9:$KC$9,IF(ROUNDUP(L13,0)=4,Cdel!$B$10:$KC$10,IF(ROUNDUP(L13,0)=3,Cdel!$B$11:$KC$11,IF(ROUNDUP(L13,0)=2,Cdel!$B$12:$KC$12,IF(ROUNDUP(L13,0)=1,Cdel!$B$13:$KC$13)))))))} -> 0.89385666 | N13: {=M13-_xlfn.XLOOKUP(N$1,Cdel!$B$1:$KC$1,IF(ROUNDUP(M13,0)=6,Cdel!$B$8:$KC$8,IF(ROUNDUP(M13,0)=5,Cdel!$B$9:$KC$9,IF(ROUNDUP(M13,0)=4,Cdel!$B$10:$KC$10,IF(ROUNDUP(M13,0)=3,Cdel!$B$11:$KC$11,IF(ROUNDUP(M13,0)=2,Cdel!$B$12:$KC$12,IF(ROUNDUP(M13,0)=1,Cdel!$B$13:$KC$13)))))))} -> 0.86913022 | O13: {=N13-_xlfn.XLOOKUP(O$1,Cdel!$B$1:$KC$1,IF(ROUNDUP(N13,0)=6,Cdel!$B$8:$KC$8,IF(ROUNDUP(N13,0)=5,Cdel!$B$9:$KC$9,IF(ROUNDUP(N13,0)=4,Cdel!$B$10:$KC$10,IF(ROUNDUP(N13,0)=3,Cdel!$B$11:$KC$11,IF(ROUNDUP(N13,0)=2,Cdel!$B$12:$KC$12,IF(ROUNDUP(N13,0)=1,Cdel!$B$13:$KC$13)))))))} -> 0.84508778 | P13: {=O13-_xlfn.XLOOKUP(P$1,Cdel!$B$1:$KC$1,IF(ROUNDUP(O13,0)=6,Cdel!$B$8:$KC$8,IF(ROUNDUP(O13,0)=5,Cdel!$B$9:$KC$9,IF(ROUNDUP(O13,0)=4,Cdel!$B$10:$KC$10,IF(ROUNDUP(O13,0)=3,Cdel!$B$11:$KC$11,IF(ROUNDUP(O13,0)=2,Cdel!$B$12:$KC$12,IF(ROUNDUP(O13,0)=1,Cdel!$B$13:$KC$13)))))))} -> 0.82171041 | ... DD13: {=DC13-_xlfn.XLOOKUP(DD$1,Cdel!$B$1:$KC$1,IF(ROUNDUP(DC13,0)=6,Cdel!$B$8:$KC$8,IF(ROUNDUP(DC13,0)=5,Cdel!$B$9:$KC$9,IF(ROUNDUP(DC13,0)=4,Cdel!$B$10:$KC$10,IF(ROUNDUP(DC13,0)=3,Cdel!$B$11:$KC$11,IF(ROUNDUP(DC13,0)=2,Cdel!$B$12:$KC$12,IF(ROUNDUP(DC13,0)=1,Cdel!$B$13:$KC$13)))))))} -> 0.062212841
... A389: P2337 | B389: PVC | C389: P2337 | D389: 0 | E389: 2000 | G389: =IF(ISNUMBER(F389),(YEAR(TODAY())-(F389)),YEAR(TODAY())-E389) -> 26 | H389: =_xlfn.LET( _xlpm.score,_xlfn.XLOOKUP(G389,DecayFns!$A$2:$A$289,DecayFns!$N$2:$N$289), IF(D389=1,IF(_xlpm.score=6,_xlpm.score,_xlpm.score+1),IF(_xlpm.score=1,_xlpm.score,_xlpm.score-1) )) -> 2 | I389: {=H389-_xlfn.XLOOKUP(I$1,Cdel!$B$1:$KC$1,IF(ROUNDUP(H389,0)=6,Cdel!$B$8:$KC$8,IF(ROUNDUP(H389,0)=5,Cdel!$B$9:$KC$9,IF(ROUNDUP(H389,0)=4,Cdel!$B$10:$KC$10,IF(ROUNDUP(H389,0)=3,Cdel!$B$11:$KC$11,IF(ROUNDUP(H389,0)=2,Cdel!$B$12:$KC$12,IF(ROUNDUP(H389,0)=1,Cdel!$B$13:$KC$13)))))))} -> 2 | J389: {=I389-_xlfn.XLOOKUP(J$1,Cdel!$B$1:$KC$1,IF(ROUNDUP(I389,0)=6,Cdel!$B$8:$KC$8,IF(ROUNDUP(I389,0)=5,Cdel!$B$9:$KC$9,IF(ROUNDUP(I389,0)=4,Cdel!$B$10:$KC$10,IF(ROUNDUP(I389,0)=3,Cdel!$B$11:$KC$11,IF(ROUNDUP(I389,0)=2,Cdel!$B$12:$KC$12,IF(ROUNDUP(I389,0)=1,Cdel!$B$13:$KC$13)))))))} -> 1.9446747 | K389: {=J389-_xlfn.XLOOKUP(K$1,Cdel!$B$1:$KC$1,IF(ROUNDUP(J389,0)=6,Cdel!$B$8:$KC$8,IF(ROUNDUP(J389,0)=5,Cdel!$B$9:$KC$9,IF(ROUNDUP(J389,0)=4,Cdel!$B$10:$KC$10,IF(ROUNDUP(J389,0)=3,Cdel!$B$11:$KC$11,IF(ROUNDUP(J389,0)=2,Cdel!$B$12:$KC$12,IF(ROUNDUP(J389,0)=1,Cdel!$B$13:$KC$13)))))))} -> 1.8908799 | L389: {=K389-_xlfn.XLOOKUP(L$1,Cdel!$B$1:$KC$1,IF(ROUNDUP(K389,0)=6,Cdel!$B$8:$KC$8,IF(ROUNDUP(K389,0)=5,Cdel!$B$9:$KC$9,IF(ROUNDUP(K389,0)=4,Cdel!$B$10:$KC$10,IF(ROUNDUP(K389,0)=3,Cdel!$B$11:$KC$11,IF(ROUNDUP(K389,0)=2,Cdel!$B$12:$KC$12,IF(ROUNDUP(K389,0)=1,Cdel!$B$13:$KC$13)))))))} -> 1.8385731 | M389: {=L389-_xlfn.XLOOKUP(M$1,Cdel!$B$1:$KC$1,IF(ROUNDUP(L389,0)=6,Cdel!$B$8:$KC$8,IF(ROUNDUP(L389,0)=5,Cdel!$B$9:$KC$9,IF(ROUNDUP(L389,0)=4,Cdel!$B$10:$KC$10,IF(ROUNDUP(L389,0)=3,Cdel!$B$11:$KC$11,IF(ROUNDUP(L389,0)=2,Cdel!$B$12:$KC$12,IF(ROUNDUP(L389,0)=1,Cdel!$B$13:$KC$13)))))))} -> 1.7877133 | N389: {=M389-_xlfn.XLOOKUP(N$1,Cdel!$B$1:$KC$1,IF(ROUNDUP(M389,0)=6,Cdel!$B$8:$KC$8,IF(ROUNDUP(M389,0)=5,Cdel!$B$9:$KC$9,IF(ROUNDUP(M389,0)=4,Cdel!$B$10:$KC$10,IF(ROUNDUP(M389,0)=3,Cdel!$B$11:$KC$11,IF(ROUNDUP(M389,0)=2,Cdel!$B$12:$KC$12,IF(ROUNDUP(M389,0)=1,Cdel!$B$13:$KC$13)))))))} -> 1.7382604 | O389: {=N389-_xlfn.XLOOKUP(O$1,Cdel!$B$1:$KC$1,IF(ROUNDUP(N389,0)=6,Cdel!$B$8:$KC$8,IF(ROUNDUP(N389,0)=5,Cdel!$B$9:$KC$9,IF(ROUNDUP(N389,0)=4,Cdel!$B$10:$KC$10,IF(ROUNDUP(N389,0)=3,Cdel!$B$11:$KC$11,IF(ROUNDUP(N389,0)=2,Cdel!$B$12:$KC$12,IF(ROUNDUP(N389,0)=1,Cdel!$B$13:$KC$13)))))))} -> 1.6901756 | P389: {=O389-_xlfn.XLOOKUP(P$1,Cdel!$B$1:$KC$1,IF(ROUNDUP(O389,0)=6,Cdel!$B$8:$KC$8,IF(ROUNDUP(O389,0)=5,Cdel!$B$9:$KC$9,IF(ROUNDUP(O389,0)=4,Cdel!$B$10:$KC$10,IF(ROUNDUP(O389,0)=3,Cdel!$B$11:$KC$11,IF(ROUNDUP(O389,0)=2,Cdel!$B$12:$KC$12,IF(ROUNDUP(O389,0)=1,Cdel!$B$13:$KC$13)))))))} -> 1.6434208 | ... DD389: {=DC389-_xlfn.XLOOKUP(DD$1,Cdel!$B$1:$KC$1,IF(ROUNDUP(DC389,0)=6,Cdel!$B$8:$KC$8,IF(ROUNDUP(DC389,0)=5,Cdel!$B$9:$KC$9,IF(ROUNDUP(DC389,0)=4,Cdel!$B$10:$KC$10,IF(ROUNDUP(DC389,0)=3,Cdel!$B$11:$KC$11,IF(ROUNDUP(DC389,0)=2,Cdel!$B$12:$KC$12,IF(ROUNDUP(DC389,0)=1,Cdel!$B$13:$KC$13)))))))} -> 0.55814726

Sheet Cdel
A1: Year (t) | B1: 0 | C1: =B1+1 -> 1 | D1: =C1+1 -> 2 | E1: =D1+1 -> 3 | F1: =E1+1 -> 4 | G1: =F1+1 -> 5 | H1: =G1+1 -> 6 | I1: =H1+1 -> 7 | J1: =I1+1 -> 8 | ... KC1: =KB1+1 -> 287
A2: Condition(t_0) | B2: =N$18*EXP(-N$20*B$1) -> 6 | C2: =N$18*EXP(-N$20*C$1) -> 5.8340241 | D2: =N$18*EXP(-N$20*D$1) -> 5.6726396 | E2: =N$18*EXP(-N$20*E$1) -> 5.5157194 | F2: =N$18*EXP(-N$20*F$1) -> 5.36314 | G2: =N$18*EXP(-N$20*G$1) -> 5.2147813 | H2: =N$18*EXP(-N$20*H$1) -> 5.0705267 | I2: =N$18*EXP(-N$20*I$1) -> 4.9302625 | J2: =N$18*EXP(-N$20*J$1) -> 4.7938784 | K2: =N$18*EXP(-N$20*K$1) -> 4.661267 | L2: =N$18*EXP(-N$20*L$1) -> 4.532324 | M2: =N$18*EXP(-N$20*M$1) -> 4.4069479 | N2: =N$18*EXP(-N$20*N$1) -> 4.2850401 | O2: =N$18*EXP(-N$20*O$1) -> 4.1665046 | P2: =N$18*EXP(-N$20*P$1) -> 4.051248 | Q2: =N$18*EXP(-N$20*Q$1) -> 3.9391798 | R2: =N$18*EXP(-N$20*R$1) -> 3.8302116 | S2: =N$18*EXP(-N$20*S$1) -> 3.7242578 | T2: =N$18*EXP(-N$20*T$1) -> 3.621235 | U2: =N$18*EXP(-N$20*U$1) -> 3.5210621 | V2: =N$18*EXP(-N$20*V$1) -> 3.4236602 | W2: =N$18*EXP(-N$20*W$1) -> 3.3289527 | X2: =N$18*EXP(-N$20*X$1) -> 3.236865 | Y2: =N$18*EXP(-N$20*Y$1) -> 3.1473248 | Z2: =N$18*EXP(-N$20*Z$1) -> 3.0602614 | AA2: =N$18*EXP(-N$20*AA$1) -> 2.9756065 | AB2: =N$18*EXP(-N$20*AB$1) -> 2.8932934 | AC2: =N$18*EXP(-N$20*AC$1) -> 2.8132572 | AD2: =N$18*EXP(-N$20*AD$1) -> 2.7354351 | AE2: =N$18*EXP(-N$20*AE$1) -> 2.6597657 | AF2: =N$18*EXP(-N$20*AF$1) -> 2.5861895 | AG2: =N$18*EXP(-N$20*AG$1) -> 2.5146487 | AH2: =N$18*EXP(-N$20*AH$1) -> 2.4450869 | AI2: =N$18*EXP(-N$20*AI$1) -> 2.3774493 | AJ2: =N$18*EXP(-N$20*AJ$1) -> 2.3116827 | AK2: =N$18*EXP(-N$20*AK$1) -> 2.2477355 | AL2: =N$18*EXP(-N$20*AL$1) -> 2.1855572 | AM2: =N$18*EXP(-N$20*AM$1) -> 2.1250989 | AN2: =N$18*EXP(-N$20*AN$1) -> 2.066313 | AO2: =N$18*EXP(-N$20*AO$1) -> 2.0091533 | AP2: =N$18*EXP(-N$20*AP$1) -> 1.9535748 | AQ2: =N$18*EXP(-N$20*AQ$1) -> 1.8995338 | AR2: =N$18*EXP(-N$20*AR$1) -> 1.8469877 | AS2: =N$18*EXP(-N$20*AS$1) -> 1.7958951 | AT2: =N$18*EXP(-N$20*AT$1) -> 1.7462159 | AU2: =N$18*EXP(-N$20*AU$1) -> 1.6979109 | AV2: =N$18*EXP(-N$20*AV$1) -> 1.6509422 | AW2: =N$18*EXP(-N$20*AW$1) -> 1.6052728 | AX2: =N$18*EXP(-N$20*AX$1) -> 1.5608667 | AY2: =N$18*EXP(-N$20*AY$1) -> 1.517689 | AZ2: =N$18*EXP(-N$20*AZ$1) -> 1.4757057 | BA2: =N$18*EXP(-N$20*BA$1) -> 1.4348838 | BB2: =N$18*EXP(-N$20*BB$1) -> 1.3951911 | BC2: =N$18*EXP(-N$20*BC$1) -> 1.3565964 | BD2: =N$18*EXP(-N$20*BD$1) -> 1.3190694 | BE2: =N$18*EXP(-N$20*BE$1) -> 1.2825804 | BF2: =N$18*EXP(-N$20*BF$1) -> 1.2471008 | BG2: =N$18*EXP(-N$20*BG$1) -> 1.2126027 | BH2: =N$18*EXP(-N$20*BH$1) -> 1.1790589 | BI2: =N$18*EXP(-N$20*BI$1) -> 1.146443 | BJ2: =N$18*EXP(-N$20*BJ$1) -> 1.1147294 | BK2: =N$18*EXP(-N$20*BK$1) -> 1.083893 | BL2: =N$18*EXP(-N$20*BL$1) -> 1.0539097 | BM2: =N$18*EXP(-N$20*BM$1) -> 1.0247557 | BN2: =N$18*EXP(-N$20*BN$1) -> 0.99640829 | BO2: =N$18*EXP(-N$20*BO$1) -> 0.968845 | BP2: =N$18*EXP(-N$20*BP$1) -> 0.94204418 | BQ2: =N$18*EXP(-N$20*BQ$1) -> 0.91598475 | BR2: =N$18*EXP(-N$20*BR$1) -> 0.89064619 | BS2: =N$18*EXP(-N$20*BS$1) -> 0.86600856 | BT2: =N$18*EXP(-N$20*BT$1) -> 0.84205247 | BU2: =N$18*EXP(-N$20*BU$1) -> 0.81875907 | BV2: =N$18*EXP(-N$20*BV$1) -> 0.79611003 | BW2: =N$18*EXP(-N$20*BW$1) -> 0.77408752 | BX2: =N$18*EXP(-N$20*BX$1) -> 0.75267421 | BY2: =N$18*EXP(-N$20*BY$1) -> 0.73185325 | BZ2: =N$18*EXP(-N$20*BZ$1) -> 0.71160825 | CA2: =N$18*EXP(-N$20*CA$1) -> 0.69192328 | CB2: =N$18*EXP(-N$20*CB$1) -> 0.67278285 | CC2: =N$18*EXP(-N$20*CC$1) -> 0.6541719 | CD2: =N$18*EXP(-N$20*CD$1) -> 0.63607577 | CE2: =N$18*EXP(-N$20*CE$1) -> 0.61848023 | CF2: =N$18*EXP(-N$20*CF$1) -> 0.60137143 | CG2: =N$18*EXP(-N$20*CG$1) -> 0.58473591 | CH2: =N$18*EXP(-N$20*CH$1) -> 0.56856056 | CI2: =N$18*EXP(-N$20*CI$1) -> 0.55283267 | CJ2: =N$18*EXP(-N$20*CJ$1) -> 0.53753986 | CK2: =N$18*EXP(-N$20*CK$1) -> 0.52267008 | CL2: =N$18*EXP(-N$20*CL$1) -> 0.50821165 | CM2: =N$18*EXP(-N$20*CM$1) -> 0.49415317 | CN2: =N$18*EXP(-N$20*CN$1) -> 0.48048358 | CO2: =N$18*EXP(-N$20*CO$1) -> 0.46719214 | CP2: =N$18*EXP(-N$20*CP$1) -> 0.45426837 | CQ2: =N$18*EXP(-N$20*CQ$1) -> 0.4417021 | CR2: =N$18*EXP(-N$20*CR$1) -> 0.42948345 | CS2: =N$18*EXP(-N$20*CS$1) -> 0.4176028 | CT2: =N$18*EXP(-N$20*CT$1) -> 0.4060508 | CU2: =N$18*EXP(-N$20*CU$1) -> 0.39481836 | CV2: =N$18*EXP(-N$20*CV$1) -> 0.38389664 | CW2: =N$18*EXP(-N$20*CW$1) -> 0.37327705 | CX2: =N$18*EXP(-N$20*CX$1) -> 0.36295121 | CY2: =N$18*EXP(-N$20*CY$1) -> 0.35291102 | CZ2: =N$18*EXP(-N$20*CZ$1) -> 0.34314857 | DA2: =N$18*EXP(-N$20*DA$1) -> 0.33365617 | DB2: =N$18*EXP(-N$20*DB$1) -> 0.32442636 | DC2: =N$18*EXP(-N$20*DC$1) -> 0.31545187 | DD2: =N$18*EXP(-N$20*DD$1) -> 0.30672564 | DE2: =N$18*EXP(-N$20*DE$1) -> 0.29824079 | DF2: =N$18*EXP(-N$20*DF$1) -> 0.28999066 | DG2: =N$18*EXP(-N$20*DG$1) -> 0.28196875 | DH2: =N$18*EXP(-N$20*DH$1) -> 0.27416875 | DI2: =N$18*EXP(-N$20*DI$1) -> 0.26658452 | DJ2: =N$18*EXP(-N$20*DJ$1) -> 0.25921009 | DK2: =N$18*EXP(-N$20*DK$1) -> 0.25203965 | DL2: =N$18*EXP(-N$20*DL$1) -> 0.24506756 | DM2: =N$18*EXP(-N$20*DM$1) -> 0.23828835 | DN2: =N$18*EXP(-N$20*DN$1) -> 0.23169666 | DO2: =N$18*EXP(-N$20*DO$1) -> 0.22528732 | DP2: =N$18*EXP(-N$20*DP$1) -> 0.21905527 | DQ2: =N$18*EXP(-N$20*DQ$1) -> 0.21299563 | DR2: =N$18*EXP(-N$20*DR$1) -> 0.2071036 | DS2: =N$18*EXP(-N$20*DS$1) -> 0.20137457 | DT2: =N$18*EXP(-N$20*DT$1) -> 0.19580402 | DU2: =N$18*EXP(-N$20*DU$1) -> 0.19038756 | DV2: =N$18*EXP(-N$20*DV$1) -> 0.18512093 | DW2: =N$18*EXP(-N$20*DW$1) -> 0.18 | DX2: =N$18*EXP(-N$20*DX$1) -> 0.17502072 | DY2: =N$18*EXP(-N$20*DY$1) -> 0.17017919 | DZ2: =N$18*EXP(-N$20*DZ$1) -> 0.16547158 | EA2: =N$18*EXP(-N$20*EA$1) -> 0.1608942 | EB2: =N$18*EXP(-N$20*EB$1) -> 0.15644344 | EC2: =N$18*EXP(-N$20*EC$1) -> 0.1521158 | ED2: =N$18*EXP(-N$20*ED$1) -> 0.14790787 | EE2: =N$18*EXP(-N$20*EE$1) -> 0.14381635 | EF2: =N$18*EXP(-N$20*EF$1) -> 0.13983801 | EG2: =N$18*EXP(-N$20*EG$1) -> 0.13596972 | EH2: =N$18*EXP(-N$20*EH$1) -> 0.13220844 | EI2: =N$18*EXP(-N$20*EI$1) -> 0.1285512 | EJ2: =N$18*EXP(-N$20*EJ$1) -> 0.12499514 | EK2: =N$18*EXP(-N$20*EK$1) -> 0.12153744 | EL2: =N$18*EXP(-N$20*EL$1) -> 0.11817539 | EM2: =N$18*EXP(-N$20*EM$1) -> 0.11490635 | EN2: =N$18*EXP(-N$20*EN$1) -> 0.11172774 | EO2: =N$18*EXP(-N$20*EO$1) -> 0.10863705 | EP2: =N$18*EXP(-N$20*EP$1) -> 0.10563186 | EQ2: =N$18*EXP(-N$20*EQ$1) -> 0.10270981 | ER2: =N$18*EXP(-N$20*ER$1) -> 0.09986858 | ES2: =N$18*EXP(-N$20*ES$1) -> 0.097105951 | ET2: =N$18*EXP(-N$20*ET$1) -> 0.094419743 | EU2: =N$18*EXP(-N$20*EU$1) -> 0.091807843 | EV2: =N$18*EXP(-N$20*EV$1) -> 0.089268196 | EW2: =N$18*EXP(-N$20*EW$1) -> 0.086798801 | EX2: =N$18*EXP(-N$20*EX$1) -> 0.084397716 | EY2: =N$18*EXP(-N$20*EY$1) -> 0.082063052 | EZ2: =N$18*EXP(-N$20*EZ$1) -> 0.079792971 | FA2: =N$18*EXP(-N$20*FA$1) -> 0.077585686 | FB2: =N$18*EXP(-N$20*FB$1) -> 0.075439461 | FC2: =N$18*EXP(-N$20*FC$1) -> 0.073352606 | FD2: =N$18*EXP(-N$20*FD$1) -> 0.071323479 | FE2: =N$18*EXP(-N$20*FE$1) -> 0.069350482 | FF2: =N$18*EXP(-N$20*FF$1) -> 0.067432065 | FG2: =N$18*EXP(-N$20*FG$1) -> 0.065566715 | FH2: =N$18*EXP(-N$20*FH$1) -> 0.063752966 | FI2: =N$18*EXP(-N$20*FI$1) -> 0.061989391 | FJ2: =N$18*EXP(-N$20*FJ$1) -> 0.0602746 | FK2: =N$18*EXP(-N$20*FK$1) -> 0.058607245 | FL2: =N$18*EXP(-N$20*FL$1) -> 0.056986014 | FM2: =N$18*EXP(-N$20*FM$1) -> 0.05540963 | FN2: =N$18*EXP(-N$20*FN$1) -> 0.053876853 | FO2: =N$18*EXP(-N$20*FO$1) -> 0.052386476 | FP2: =N$18*EXP(-N$20*FP$1) -> 0.050937328 | FQ2: =N$18*EXP(-N$20*FQ$1) -> 0.049528266 | FR2: =N$18*EXP(-N$20*FR$1) -> 0.048158183 | FS2: =N$18*EXP(-N$20*FS$1) -> 0.046826001 | FT2: =N$18*EXP(-N$20*FT$1) -> 0.04553067 | FU2: =N$18*EXP(-N$20*FU$1) -> 0.044271171 | FV2: =N$18*EXP(-N$20*FV$1) -> 0.043046513 | FW2: =N$18*EXP(-N$20*FW$1) -> 0.041855733 | FX2: =N$18*EXP(-N$20*FX$1) -> 0.040697892 | FY2: =N$18*EXP(-N$20*FY$1) -> 0.039572081 | FZ2: =N$18*EXP(-N$20*FZ$1) -> 0.038477412 | GA2: =N$18*EXP(-N$20*GA$1) -> 0.037413025 | GB2: =N$18*EXP(-N$20*GB$1) -> 0.036378082 | GC2: =N$18*EXP(-N$20*GC$1) -> 0.035371768 | GD2: =N$18*EXP(-N$20*GD$1) -> 0.034393291 | GE2: =N$18*EXP(-N$20*GE$1) -> 0.033441882 | GF2: =N$18*EXP(-N$20*GF$1) -> 0.032516791 | GG2: =N$18*EXP(-N$20*GG$1) -> 0.03161729 | GH2: =N$18*EXP(-N$20*GH$1) -> 0.030742672 | GI2: =N$18*EXP(-N$20*GI$1) -> 0.029892249 | GJ2: =N$18*EXP(-N$20*GJ$1) -> 0.02906535 | GK2: =N$18*EXP(-N$20*GK$1) -> 0.028261326 | GL2: =N$18*EXP(-N$20*GL$1) -> 0.027479542 | GM2: =N$18*EXP(-N$20*GM$1) -> 0.026719386 | GN2: =N$18*EXP(-N$20*GN$1) -> 0.025980257 | GO2: =N$18*EXP(-N$20*GO$1) -> 0.025261574 | GP2: =N$18*EXP(-N$20*GP$1) -> 0.024562772 | GQ2: =N$18*EXP(-N$20*GQ$1) -> 0.023883301 | GR2: =N$18*EXP(-N$20*GR$1) -> 0.023222625 | GS2: =N$18*EXP(-N$20*GS$1) -> 0.022580226 | GT2: =N$18*EXP(-N$20*GT$1) -> 0.021955597 | GU2: =N$18*EXP(-N$20*GU$1) -> 0.021348247 | GV2: =N$18*EXP(-N$20*GV$1) -> 0.020757698 | GW2: =N$18*EXP(-N$20*GW$1) -> 0.020183486 | GX2: =N$18*EXP(-N$20*GX$1) -> 0.019625157 | GY2: =N$18*EXP(-N$20*GY$1) -> 0.019082273 | GZ2: =N$18*EXP(-N$20*GZ$1) -> 0.018554407 | HA2: =N$18*EXP(-N$20*HA$1) -> 0.018041143 | HB2: =N$18*EXP(-N$20*HB$1) -> 0.017542077 | HC2: =N$18*EXP(-N$20*HC$1) -> 0.017056817 | HD2: =N$18*EXP(-N$20*HD$1) -> 0.01658498 | HE2: =N$18*EXP(-N$20*HE$1) -> 0.016126196 | HF2: =N$18*EXP(-N$20*HF$1) -> 0.015680103 | HG2: =N$18*EXP(-N$20*HG$1) -> 0.015246349 | HH2: =N$18*EXP(-N$20*HH$1) -> 0.014824595 | HI2: =N$18*EXP(-N$20*HI$1) -> 0.014414508 | HJ2: =N$18*EXP(-N$20*HJ$1) -> 0.014015764 | HK2: =N$18*EXP(-N$20*HK$1) -> 0.013628051 | HL2: =N$18*EXP(-N$20*HL$1) -> 0.013251063 | HM2: =N$18*EXP(-N$20*HM$1) -> 0.012884504 | HN2: =N$18*EXP(-N$20*HN$1) -> 0.012528084 | HO2: =N$18*EXP(-N$20*HO$1) -> 0.012181524 | HP2: =N$18*EXP(-N$20*HP$1) -> 0.011844551 | HQ2: =N$18*EXP(-N$20*HQ$1) -> 0.011516899 | HR2: =N$18*EXP(-N$20*HR$1) -> 0.011198311 | HS2: =N$18*EXP(-N$20*HS$1) -> 0.010888536 | HT2: =N$18*EXP(-N$20*HT$1) -> 0.010587331 | HU2: =N$18*EXP(-N$20*HU$1) -> 0.010294457 | HV2: =N$18*EXP(-N$20*HV$1) -> 0.010009685 | HW2: =N$18*EXP(-N$20*HW$1) -> 0.0097327908 | HX2: =N$18*EXP(-N$20*HX$1) -> 0.0094635561 | HY2: =N$18*EXP(-N$20*HY$1) -> 0.0092017691 | HZ2: =N$18*EXP(-N$20*HZ$1) -> 0.0089472238 | IA2: =N$18*EXP(-N$20*IA$1) -> 0.0086997199 | IB2: =N$18*EXP(-N$20*IB$1) -> 0.0084590626 | IC2: =N$18*EXP(-N$20*IC$1) -> 0.0082250625 | ID2: =N$18*EXP(-N$20*ID$1) -> 0.0079975356 | IE2: =N$18*EXP(-N$20*IE$1) -> 0.0077763026 | IF2: =N$18*EXP(-N$20*IF$1) -> 0.0075611894 | IG2: =N$18*EXP(-N$20*IG$1) -> 0.0073520269 | IH2: =N$18*EXP(-N$20*IH$1) -> 0.0071486504 | II2: =N$18*EXP(-N$20*II$1) -> 0.0069508998 | IJ2: =N$18*EXP(-N$20*IJ$1) -> 0.0067586195 | IK2: =N$18*EXP(-N$20*IK$1) -> 0.0065716582 | IL2: =N$18*EXP(-N$20*IL$1) -> 0.0063898688 | IM2: =N$18*EXP(-N$20*IM$1) -> 0.0062131081 | IN2: =N$18*EXP(-N$20*IN$1) -> 0.0060412371 | IO2: =N$18*EXP(-N$20*IO$1) -> 0.0058741205 | IP2: =N$18*EXP(-N$20*IP$1) -> 0.0057116268 | IQ2: =N$18*EXP(-N$20*IQ$1) -> 0.005553628 | IR2: =N$18*EXP(-N$20*IR$1) -> 0.0054 | IS2: =N$18*EXP(-N$20*IS$1) -> 0.0052506217 | IT2: =N$18*EXP(-N$20*IT$1) -> 0.0051053756 | IU2: =N$18*EXP(-N$20*IU$1) -> 0.0049641474 | IV2: =N$18*EXP(-N$20*IV$1) -> 0.004826826 | IW2: =N$18*EXP(-N$20*IW$1) -> 0.0046933032 | IX2: =N$18*EXP(-N$20*IX$1) -> 0.004563474 | IY2: =N$18*EXP(-N$20*IY$1) -> 0.0044372362 | IZ2: =N$18*EXP(-N$20*IZ$1) -> 0.0043144905 | JA2: =N$18*EXP(-N$20*JA$1) -> 0.0041951403 | JB2: =N$18*EXP(-N$20*JB$1) -> 0.0040790916 | JC2: =N$18*EXP(-N$20*JC$1) -> 0.0039662532 | JD2: =N$18*EXP(-N$20*JD$1) -> 0.0038565361 | JE2: =N$18*EXP(-N$20*JE$1) -> 0.0037498541 | JF2: =N$18*EXP(-N$20*JF$1) -> 0.0036461232 | JG2: =N$18*EXP(-N$20*JG$1) -> 0.0035452618 | JH2: =N$18*EXP(-N$20*JH$1) -> 0.0034471905 | JI2: =N$18*EXP(-N$20*JI$1) -> 0.0033518321 | JJ2: =N$18*EXP(-N$20*JJ$1) -> 0.0032591115 | JK2: =N$18*EXP(-N$20*JK$1) -> 0.0031689559 | JL2: =N$18*EXP(-N$20*JL$1) -> 0.0030812942 | JM2: =N$18*EXP(-N$20*JM$1) -> 0.0029960574 | JN2: =N$18*EXP(-N$20*JN$1) -> 0.0029131785 | JO2: =N$18*EXP(-N$20*JO$1) -> 0.0028325923 | JP2: =N$18*EXP(-N$20*JP$1) -> 0.0027542353 | JQ2: =N$18*EXP(-N$20*JQ$1) -> 0.0026780459 | JR2: =N$18*EXP(-N$20*JR$1) -> 0.002603964 | JS2: =N$18*EXP(-N$20*JS$1) -> 0.0025319315 | JT2: =N$18*EXP(-N$20*JT$1) -> 0.0024618916 | JU2: =N$18*EXP(-N$20*JU$1) -> 0.0023937891 | JV2: =N$18*EXP(-N$20*JV$1) -> 0.0023275706 | JW2: =N$18*EXP(-N$20*JW$1) -> 0.0022631838 | JX2: =N$18*EXP(-N$20*JX$1) -> 0.0022005782 | JY2: =N$18*EXP(-N$20*JY$1) -> 0.0021397044 | JZ2: =N$18*EXP(-N$20*JZ$1) -> 0.0020805145 | KA2: =N$18*EXP(-N$20*KA$1) -> 0.0020229619 | KB2: =N$18*EXP(-N$20*KB$1) -> 0.0019670015 | KC2: =N$18*EXP(-N$20*KC$1) -> 0.001912589
A3: Condition(t_0) | B3: =O$18*EXP(-O$20*B$1) -> 5 | C3: =O$18*EXP(-O$20*C$1) -> 4.8616868 | D3: =O$18*EXP(-O$20*D$1) -> 4.7271996 | E3: =O$18*EXP(-O$20*E$1) -> 4.5964328 | F3: =O$18*EXP(-O$20*F$1) -> 4.4692833 | G3: =O$18*EXP(-O$20*G$1) -> 4.3456511 | H3: =O$18*EXP(-O$20*H$1) -> 4.2254389 | I3: =O$18*EXP(-O$20*I$1) -> 4.1085521 | J3: =O$18*EXP(-O$20*J$1) -> 3.9948986 | K3: =O$18*EXP(-O$20*K$1) -> 3.8843892 | L3: =O$18*EXP(-O$20*L$1) -> 3.7769367 | M3: =O$18*EXP(-O$20*M$1) -> 3.6724566 | N3: =O$18*EXP(-O$20*N$1) -> 3.5708668 | O3: =O$18*EXP(-O$20*O$1) -> 3.4720871 | P3: =O$18*EXP(-O$20*P$1) -> 3.37604 | Q3: =O$18*EXP(-O$20*Q$1) -> 3.2826498 | R3: =O$18*EXP(-O$20*R$1) -> 3.191843 | S3: =O$18*EXP(-O$20*S$1) -> 3.1035482 | T3: =O$18*EXP(-O$20*T$1) -> 3.0176958 | U3: =O$18*EXP(-O$20*U$1) -> 2.9342184 | V3: =O$18*EXP(-O$20*V$1) -> 2.8530501 | W3: =O$18*EXP(-O$20*W$1) -> 2.7741272 | X3: =O$18*EXP(-O$20*X$1) -> 2.6973875 | Y3: =O$18*EXP(-O$20*Y$1) -> 2.6227707 | Z3: =O$18*EXP(-O$20*Z$1) -> 2.5502179 | AA3: =O$18*EXP(-O$20*AA$1) -> 2.4796721 | AB3: =O$18*EXP(-O$20*AB$1) -> 2.4110778 | AC3: =O$18*EXP(-O$20*AC$1) -> 2.344381 | AD3: =O$18*EXP(-O$20*AD$1) -> 2.2795292 | AE3: =O$18*EXP(-O$20*AE$1) -> 2.2164714 | AF3: =O$18*EXP(-O$20*AF$1) -> 2.155158 | AG3: =O$18*EXP(-O$20*AG$1) -> 2.0955406 | AH3: =O$18*EXP(-O$20*AH$1) -> 2.0375724 | AI3: =O$18*EXP(-O$20*AI$1) -> 1.9812077 | AJ3: =O$18*EXP(-O$20*AJ$1) -> 1.9264023 | AK3: =O$18*EXP(-O$20*AK$1) -> 1.8731129 | AL3: =O$18*EXP(-O$20*AL$1) -> 1.8212976 | AM3: =O$18*EXP(-O$20*AM$1) -> 1.7709157 | AN3: =O$18*EXP(-O$20*AN$1) -> 1.7219275 | AO3: =O$18*EXP(-O$20*AO$1) -> 1.6742944 | AP3: =O$18*EXP(-O$20*AP$1) -> 1.627979 | AQ3: =O$18*EXP(-O$20*AQ$1) -> 1.5829448 | AR3: =O$18*EXP(-O$20*AR$1) -> 1.5391564 | AS3: =O$18*EXP(-O$20*AS$1) -> 1.4965792 | AT3: =O$18*EXP(-O$20*AT$1) -> 1.4551799 | AU3: =O$18*EXP(-O$20*AU$1) -> 1.4149258 | AV3: =O$18*EXP(-O$20*AV$1) -> 1.3757852 | AW3: =O$18*EXP(-O$20*AW$1) -> 1.3377273 | AX3: =O$18*EXP(-O$20*AX$1) -> 1.3007222 | AY3: =O$18*EXP(-O$20*AY$1) -> 1.2647408 | AZ3: =O$18*EXP(-O$20*AZ$1) -> 1.2297547 | BA3: =O$18*EXP(-O$20*BA$1) -> 1.1957365 | BB3: =O$18*EXP(-O$20*BB$1) -> 1.1626592 | BC3: =O$18*EXP(-O$20*BC$1) -> 1.130497 | BD3: =O$18*EXP(-O$20*BD$1) -> 1.0992245 | BE3: =O$18*EXP(-O$20*BE$1) -> 1.068817 | BF3: =O$18*EXP(-O$20*BF$1) -> 1.0392507 | BG3: =O$18*EXP(-O$20*BG$1) -> 1.0105023 | BH3: =O$18*EXP(-O$20*BH$1) -> 0.98254911 | BI3: =O$18*EXP(-O$20*BI$1) -> 0.9553692 | BJ3: =O$18*EXP(-O$20*BJ$1) -> 0.92894116 | BK3: =O$18*EXP(-O$20*BK$1) -> 0.90324419 | BL3: =O$18*EXP(-O$20*BL$1) -> 0.87825807 | BM3: =O$18*EXP(-O$20*BM$1) -> 0.85396312 | BN3: =O$18*EXP(-O$20*BN$1) -> 0.83034024 | BO3: =O$18*EXP(-O$20*BO$1) -> 0.80737083 | BP3: =O$18*EXP(-O$20*BP$1) -> 0.78503682 | BQ3: =O$18*EXP(-O$20*BQ$1) -> 0.76332062 | BR3: =O$18*EXP(-O$20*BR$1) -> 0.74220516 | BS3: =O$18*EXP(-O$20*BS$1) -> 0.7216738 | BT3: =O$18*EXP(-O$20*BT$1) -> 0.70171039 | BU3: =O$18*EXP(-O$20*BU$1) -> 0.68229922 | BV3: =O$18*EXP(-O$20*BV$1) -> 0.66342502 | BW3: =O$18*EXP(-O$20*BW$1) -> 0.64507293 | BX3: =O$18*EXP(-O$20*BX$1) -> 0.62722851 | BY3: =O$18*EXP(-O$20*BY$1) -> 0.6098777 | BZ3: =O$18*EXP(-O$20*BZ$1) -> 0.59300687 | CA3: =O$18*EXP(-O$20*CA$1) -> 0.57660273 | CB3: =O$18*EXP(-O$20*CB$1) -> 0.56065238 | CC3: =O$18*EXP(-O$20*CC$1) -> 0.54514325 | CD3: =O$18*EXP(-O$20*CD$1) -> 0.53006314 | CE3: =O$18*EXP(-O$20*CE$1) -> 0.51540019 | CF3: =O$18*EXP(-O$20*CF$1) -> 0.50114286 | CG3: =O$18*EXP(-O$20*CG$1) -> 0.48727992 | CH3: =O$18*EXP(-O$20*CH$1) -> 0.47380047 | CI3: =O$18*EXP(-O$20*CI$1) -> 0.4606939 | CJ3: =O$18*EXP(-O$20*CJ$1) -> 0.44794988 | CK3: =O$18*EXP(-O$20*CK$1) -> 0.4355584 | CL3: =O$18*EXP(-O$20*CL$1) -> 0.42350971 | CM3: =O$18*EXP(-O$20*CM$1) -> 0.41179431 | CN3: =O$18*EXP(-O$20*CN$1) -> 0.40040299 | CO3: =O$18*EXP(-O$20*CO$1) -> 0.38932678 | CP3: =O$18*EXP(-O$20*CP$1) -> 0.37855697 | CQ3: =O$18*EXP(-O$20*CQ$1) -> 0.36808508 | CR3: =O$18*EXP(-O$20*CR$1) -> 0.35790288 | CS3: =O$18*EXP(-O$20*CS$1) -> 0.34800233 | CT3: =O$18*EXP(-O$20*CT$1) -> 0.33837567 | CU3: =O$18*EXP(-O$20*CU$1) -> 0.3290153 | CV3: =O$18*EXP(-O$20*CV$1) -> 0.31991387 | CW3: =O$18*EXP(-O$20*CW$1) -> 0.3110642 | CX3: =O$18*EXP(-O$20*CX$1) -> 0.30245935 | CY3: =O$18*EXP(-O$20*CY$1) -> 0.29409252 | CZ3: =O$18*EXP(-O$20*CZ$1) -> 0.28595714 | DA3: =O$18*EXP(-O$20*DA$1) -> 0.27804681 | DB3: =O$18*EXP(-O$20*DB$1) -> 0.2703553 | DC3: =O$18*EXP(-O$20*DC$1) -> 0.26287656 | DD3: =O$18*EXP(-O$20*DD$1) -> 0.2556047 | DE3: =O$18*EXP(-O$20*DE$1) -> 0.24853399 | DF3: =O$18*EXP(-O$20*DF$1) -> 0.24165889 | DG3: =O$18*EXP(-O$20*DG$1) -> 0.23497396 | DH3: =O$18*EXP(-O$20*DH$1) -> 0.22847396 | DI3: =O$18*EXP(-O$20*DI$1) -> 0.22215377 | DJ3: =O$18*EXP(-O$20*DJ$1) -> 0.2160084 | DK3: =O$18*EXP(-O$20*DK$1) -> 0.21003304 | DL3: =O$18*EXP(-O$20*DL$1) -> 0.20422297 | DM3: =O$18*EXP(-O$20*DM$1) -> 0.19857362 | DN3: =O$18*EXP(-O$20*DN$1) -> 0.19308055 | DO3: =O$18*EXP(-O$20*DO$1) -> 0.18773943 | DP3: =O$18*EXP(-O$20*DP$1) -> 0.18254606 | DQ3: =O$18*EXP(-O$20*DQ$1) -> 0.17749635 | DR3: =O$18*EXP(-O$20*DR$1) -> 0.17258634 | DS3: =O$18*EXP(-O$20*DS$1) -> 0.16781214 | DT3: =O$18*EXP(-O$20*DT$1) -> 0.16317001 | DU3: =O$18*EXP(-O$20*DU$1) -> 0.1586563 | DV3: =O$18*EXP(-O$20*DV$1) -> 0.15426745 | DW3: =O$18*EXP(-O$20*DW$1) -> 0.15 | DX3: =O$18*EXP(-O$20*DX$1) -> 0.1458506 | DY3: =O$18*EXP(-O$20*DY$1) -> 0.14181599 | DZ3: =O$18*EXP(-O$20*DZ$1) -> 0.13789298 | EA3: =O$18*EXP(-O$20*EA$1) -> 0.1340785 | EB3: =O$18*EXP(-O$20*EB$1) -> 0.13036953 | EC3: =O$18*EXP(-O$20*EC$1) -> 0.12676317 | ED3: =O$18*EXP(-O$20*ED$1) -> 0.12325656 | EE3: =O$18*EXP(-O$20*EE$1) -> 0.11984696 | EF3: =O$18*EXP(-O$20*EF$1) -> 0.11653168 | EG3: =O$18*EXP(-O$20*EG$1) -> 0.1133081 | EH3: =O$18*EXP(-O$20*EH$1) -> 0.1101737 | EI3: =O$18*EXP(-O$20*EI$1) -> 0.107126 | EJ3: =O$18*EXP(-O$20*EJ$1) -> 0.10416261 | EK3: =O$18*EXP(-O$20*EK$1) -> 0.1012812 | EL3: =O$18*EXP(-O$20*EL$1) -> 0.098479494 | EM3: =O$18*EXP(-O$20*EM$1) -> 0.095755291 | EN3: =O$18*EXP(-O$20*EN$1) -> 0.093106446 | EO3: =O$18*EXP(-O$20*EO$1) -> 0.090530875 | EP3: =O$18*EXP(-O$20*EP$1) -> 0.088026552 | EQ3: =O$18*EXP(-O$20*EQ$1) -> 0.085591504 | ER3: =O$18*EXP(-O$20*ER$1) -> 0.083223817 | ES3: =O$18*EXP(-O$20*ES$1) -> 0.080921626 | ET3: =O$18*EXP(-O$20*ET$1) -> 0.07868312 | EU3: =O$18*EXP(-O$20*EU$1) -> 0.076506536 | EV3: =O$18*EXP(-O$20*EV$1) -> 0.074390163 | EW3: =O$18*EXP(-O$20*EW$1) -> 0.072332334 | EX3: =O$18*EXP(-O$20*EX$1) -> 0.07033143 | EY3: =O$18*EXP(-O$20*EY$1) -> 0.068385877 | EZ3: =O$18*EXP(-O$20*EZ$1) -> 0.066494143 | FA3: =O$18*EXP(-O$20*FA$1) -> 0.064654739 | FB3: =O$18*EXP(-O$20*FB$1) -> 0.062866217 | FC3: =O$18*EXP(-O$20*FC$1) -> 0.061127171 | FD3: =O$18*EXP(-O$20*FD$1) -> 0.059436232 | FE3: =O$18*EXP(-O$20*FE$1) -> 0.057792069 | FF3: =O$18*EXP(-O$20*FF$1) -> 0.056193387 | FG3: =O$18*EXP(-O$20*FG$1) -> 0.054638929 | FH3: =O$18*EXP(-O$20*FH$1) -> 0.053127472 | FI3: =O$18*EXP(-O$20*FI$1) -> 0.051657825 | FJ3: =O$18*EXP(-O$20*FJ$1) -> 0.050228833 | FK3: =O$18*EXP(-O$20*FK$1) -> 0.048839371 | FL3: =O$18*EXP(-O$20*FL$1) -> 0.047488345 | FM3: =O$18*EXP(-O$20*FM$1) -> 0.046174691 | FN3: =O$18*EXP(-O$20*FN$1) -> 0.044897377 | FO3: =O$18*EXP(-O$20*FO$1) -> 0.043655397 | FP3: =O$18*EXP(-O$20*FP$1) -> 0.042447773 | FQ3: =O$18*EXP(-O$20*FQ$1) -> 0.041273555 | FR3: =O$18*EXP(-O$20*FR$1) -> 0.04013182 | FS3: =O$18*EXP(-O$20*FS$1) -> 0.039021667 | FT3: =O$18*EXP(-O$20*FT$1) -> 0.037942225 | FU3: =O$18*EXP(-O$20*FU$1) -> 0.036892642 | FV3: =O$18*EXP(-O$20*FV$1) -> 0.035872094 | FW3: =O$18*EXP(-O$20*FW$1) -> 0.034879777 | FX3: =O$18*EXP(-O$20*FX$1) -> 0.03391491 | FY3: =O$18*EXP(-O$20*FY$1) -> 0.032976734 | FZ3: =O$18*EXP(-O$20*FZ$1) -> 0.03206451 | GA3: =O$18*EXP(-O$20*GA$1) -> 0.031177521 | GB3: =O$18*EXP(-O$20*GB$1) -> 0.030315068 | GC3: =O$18*EXP(-O$20*GC$1) -> 0.029476473 | GD3: =O$18*EXP(-O$20*GD$1) -> 0.028661076 | GE3: =O$18*EXP(-O$20*GE$1) -> 0.027868235 | GF3: =O$18*EXP(-O$20*GF$1) -> 0.027097326 | GG3: =O$18*EXP(-O$20*GG$1) -> 0.026347742 | GH3: =O$18*EXP(-O$20*GH$1) -> 0.025618894 | GI3: =O$18*EXP(-O$20*GI$1) -> 0.024910207 | GJ3: =O$18*EXP(-O$20*GJ$1) -> 0.024221125 | GK3: =O$18*EXP(-O$20*GK$1) -> 0.023551105 | GL3: =O$18*EXP(-O$20*GL$1) -> 0.022899619 | GM3: =O$18*EXP(-O$20*GM$1) -> 0.022266155 | GN3: =O$18*EXP(-O$20*GN$1) -> 0.021650214 | GO3: =O$18*EXP(-O$20*GO$1) -> 0.021051312 | GP3: =O$18*EXP(-O$20*GP$1) -> 0.020468977 | GQ3: =O$18*EXP(-O$20*GQ$1) -> 0.019902751 | GR3: =O$18*EXP(-O$20*GR$1) -> 0.019352188 | GS3: =O$18*EXP(-O$20*GS$1) -> 0.018816855 | GT3: =O$18*EXP(-O$20*GT$1) -> 0.018296331 | GU3: =O$18*EXP(-O$20*GU$1) -> 0.017790206 | GV3: =O$18*EXP(-O$20*GV$1) -> 0.017298082 | GW3: =O$18*EXP(-O$20*GW$1) -> 0.016819571 | GX3: =O$18*EXP(-O$20*GX$1) -> 0.016354297 | GY3: =O$18*EXP(-O$20*GY$1) -> 0.015901894 | GZ3: =O$18*EXP(-O$20*GZ$1) -> 0.015462006 | HA3: =O$18*EXP(-O$20*HA$1) -> 0.015034286 | HB3: =O$18*EXP(-O$20*HB$1) -> 0.014618398 | HC3: =O$18*EXP(-O$20*HC$1) -> 0.014214014 | HD3: =O$18*EXP(-O$20*HD$1) -> 0.013820817 | HE3: =O$18*EXP(-O$20*HE$1) -> 0.013438496 | HF3: =O$18*EXP(-O$20*HF$1) -> 0.013066752 | HG3: =O$18*EXP(-O$20*HG$1) -> 0.012705291 | HH3: =O$18*EXP(-O$20*HH$1) -> 0.012353829 | HI3: =O$18*EXP(-O$20*HI$1) -> 0.01201209 | HJ3: =O$18*EXP(-O$20*HJ$1) -> 0.011679803 | HK3: =O$18*EXP(-O$20*HK$1) -> 0.011356709 | HL3: =O$18*EXP(-O$20*HL$1) -> 0.011042552 | HM3: =O$18*EXP(-O$20*HM$1) -> 0.010737086 | HN3: =O$18*EXP(-O$20*HN$1) -> 0.01044007 | HO3: =O$18*EXP(-O$20*HO$1) -> 0.01015127 | HP3: =O$18*EXP(-O$20*HP$1) -> 0.0098704591 | HQ3: =O$18*EXP(-O$20*HQ$1) -> 0.0095974161 | HR3: =O$18*EXP(-O$20*HR$1) -> 0.0093319261 | HS3: =O$18*EXP(-O$20*HS$1) -> 0.0090737804 | HT3: =O$18*EXP(-O$20*HT$1) -> 0.0088227756 | HU3: =O$18*EXP(-O$20*HU$1) -> 0.0085787143 | HV3: =O$18*EXP(-O$20*HV$1) -> 0.0083414043 | HW3: =O$18*EXP(-O$20*HW$1) -> 0.008110659 | HX3: =O$18*EXP(-O$20*HX$1) -> 0.0078862967 | HY3: =O$18*EXP(-O$20*HY$1) -> 0.0076681409 | HZ3: =O$18*EXP(-O$20*HZ$1) -> 0.0074560198 | IA3: =O$18*EXP(-O$20*IA$1) -> 0.0072497666 | IB3: =O$18*EXP(-O$20*IB$1) -> 0.0070492188 | IC3: =O$18*EXP(-O$20*IC$1) -> 0.0068542188 | ID3: =O$18*EXP(-O$20*ID$1) -> 0.006664613 | IE3: =O$18*EXP(-O$20*IE$1) -> 0.0064802521 | IF3: =O$18*EXP(-O$20*IF$1) -> 0.0063009912 | IG3: =O$18*EXP(-O$20*IG$1) -> 0.0061266891 | IH3: =O$18*EXP(-O$20*IH$1) -> 0.0059572087 | II3: =O$18*EXP(-O$20*II$1) -> 0.0057924165 | IJ3: =O$18*EXP(-O$20*IJ$1) -> 0.0056321829 | IK3: =O$18*EXP(-O$20*IK$1) -> 0.0054763819 | IL3: =O$18*EXP(-O$20*IL$1) -> 0.0053248906 | IM3: =O$18*EXP(-O$20*IM$1) -> 0.0051775901 | IN3: =O$18*EXP(-O$20*IN$1) -> 0.0050343642 | IO3: =O$18*EXP(-O$20*IO$1) -> 0.0048951004 | IP3: =O$18*EXP(-O$20*IP$1) -> 0.004759689 | IQ3: =O$18*EXP(-O$20*IQ$1) -> 0.0046280234 | IR3: =O$18*EXP(-O$20*IR$1) -> 0.0045 | IS3: =O$18*EXP(-O$20*IS$1) -> 0.0043755181 | IT3: =O$18*EXP(-O$20*IT$1) -> 0.0042544797 | IU3: =O$18*EXP(-O$20*IU$1) -> 0.0041367895 | IV3: =O$18*EXP(-O$20*IV$1) -> 0.004022355 | IW3: =O$18*EXP(-O$20*IW$1) -> 0.003911086 | IX3: =O$18*EXP(-O$20*IX$1) -> 0.003802895 | IY3: =O$18*EXP(-O$20*IY$1) -> 0.0036976969 | IZ3: =O$18*EXP(-O$20*IZ$1) -> 0.0035954088 | JA3: =O$18*EXP(-O$20*JA$1) -> 0.0034959503 | JB3: =O$18*EXP(-O$20*JB$1) -> 0.003399243 | JC3: =O$18*EXP(-O$20*JC$1) -> 0.003305211 | JD3: =O$18*EXP(-O$20*JD$1) -> 0.0032137801 | JE3: =O$18*EXP(-O$20*JE$1) -> 0.0031248784 | JF3: =O$18*EXP(-O$20*JF$1) -> 0.003038436 | JG3: =O$18*EXP(-O$20*JG$1) -> 0.0029543848 | JH3: =O$18*EXP(-O$20*JH$1) -> 0.0028726587 | JI3: =O$18*EXP(-O$20*JI$1) -> 0.0027931934 | JJ3: =O$18*EXP(-O$20*JJ$1) -> 0.0027159263 | JK3: =O$18*EXP(-O$20*JK$1) -> 0.0026407966 | JL3: =O$18*EXP(-O$20*JL$1) -> 0.0025677451 | JM3: =O$18*EXP(-O$20*JM$1) -> 0.0024967145 | JN3: =O$18*EXP(-O$20*JN$1) -> 0.0024276488 | JO3: =O$18*EXP(-O$20*JO$1) -> 0.0023604936 | JP3: =O$18*EXP(-O$20*JP$1) -> 0.0022951961 | JQ3: =O$18*EXP(-O$20*JQ$1) -> 0.0022317049 | JR3: =O$18*EXP(-O$20*JR$1) -> 0.00216997 | JS3: =O$18*EXP(-O$20*JS$1) -> 0.0021099429 | JT3: =O$18*EXP(-O$20*JT$1) -> 0.0020515763 | JU3: =O$18*EXP(-O$20*JU$1) -> 0.0019948243 | JV3: =O$18*EXP(-O$20*JV$1) -> 0.0019396422 | JW3: =O$18*EXP(-O$20*JW$1) -> 0.0018859865 | JX3: =O$18*EXP(-O$20*JX$1) -> 0.0018338151 | JY3: =O$18*EXP(-O$20*JY$1) -> 0.001783087 | JZ3: =O$18*EXP(-O$20*JZ$1) -> 0.0017337621 | KA3: =O$18*EXP(-O$20*KA$1) -> 0.0016858016 | KB3: =O$18*EXP(-O$20*KB$1) -> 0.0016391679 | KC3: =O$18*EXP(-O$20*KC$1) -> 0.0015938242
A4: Condition(t_0) | B4: =P$18*EXP(-P$20*B$1) -> 4 | C4: =P$18*EXP(-P$20*C$1) -> 3.8893494 | D4: =P$18*EXP(-P$20*D$1) -> 3.7817597 | E4: =P$18*EXP(-P$20*E$1) -> 3.6771462 | F4: =P$18*EXP(-P$20*F$1) -> 3.5754266 | G4: =P$18*EXP(-P$20*G$1) -> 3.4765209 | H4: =P$18*EXP(-P$20*H$1) -> 3.3803511 | I4: =P$18*EXP(-P$20*I$1) -> 3.2868416 | J4: =P$18*EXP(-P$20*J$1) -> 3.1959189 | K4: =P$18*EXP(-P$20*K$1) -> 3.1075113 | L4: =P$18*EXP(-P$20*L$1) -> 3.0215493 | M4: =P$18*EXP(-P$20*M$1) -> 2.9379653 | N4: =P$18*EXP(-P$20*N$1) -> 2.8566934 | O4: =P$18*EXP(-P$20*O$1) -> 2.7776697 | P4: =P$18*EXP(-P$20*P$1) -> 2.700832 | Q4: =P$18*EXP(-P$20*Q$1) -> 2.6261198 | R4: =P$18*EXP(-P$20*R$1) -> 2.5534744 | S4: =P$18*EXP(-P$20*S$1) -> 2.4828386 | T4: =P$18*EXP(-P$20*T$1) -> 2.4141567 | U4: =P$18*EXP(-P$20*U$1) -> 2.3473747 | V4: =P$18*EXP(-P$20*V$1) -> 2.2824401 | W4: =P$18*EXP(-P$20*W$1) -> 2.2193018 | X4: =P$18*EXP(-P$20*X$1) -> 2.15791 | Y4: =P$18*EXP(-P$20*Y$1) -> 2.0982165 | Z4: =P$18*EXP(-P$20*Z$1) -> 2.0401743 | AA4: =P$18*EXP(-P$20*AA$1) -> 1.9837377 | AB4: =P$18*EXP(-P$20*AB$1) -> 1.9288622 | AC4: =P$18*EXP(-P$20*AC$1) -> 1.8755048 | AD4: =P$18*EXP(-P$20*AD$1) -> 1.8236234 | AE4: =P$18*EXP(-P$20*AE$1) -> 1.7731771 | AF4: =P$18*EXP(-P$20*AF$1) -> 1.7241264 | AG4: =P$18*EXP(-P$20*AG$1) -> 1.6764325 | AH4: =P$18*EXP(-P$20*AH$1) -> 1.6300579 | AI4: =P$18*EXP(-P$20*AI$1) -> 1.5849662 | AJ4: =P$18*EXP(-P$20*AJ$1) -> 1.5411218 | AK4: =P$18*EXP(-P$20*AK$1) -> 1.4984903 | AL4: =P$18*EXP(-P$20*AL$1) -> 1.4570381 | AM4: =P$18*EXP(-P$20*AM$1) -> 1.4167326 | AN4: =P$18*EXP(-P$20*AN$1) -> 1.377542 | AO4: =P$18*EXP(-P$20*AO$1) -> 1.3394356 | AP4: =P$18*EXP(-P$20*AP$1) -> 1.3023832 | AQ4: =P$18*EXP(-P$20*AQ$1) -> 1.2663559 | AR4: =P$18*EXP(-P$20*AR$1) -> 1.2313251 | AS4: =P$18*EXP(-P$20*AS$1) -> 1.1972634 | AT4: =P$18*EXP(-P$20*AT$1) -> 1.1641439 | AU4: =P$18*EXP(-P$20*AU$1) -> 1.1319406 | AV4: =P$18*EXP(-P$20*AV$1) -> 1.1006281 | AW4: =P$18*EXP(-P$20*AW$1) -> 1.0701819 | AX4: =P$18*EXP(-P$20*AX$1) -> 1.0405778 | AY4: =P$18*EXP(-P$20*AY$1) -> 1.0117927 | AZ4: =P$18*EXP(-P$20*AZ$1) -> 0.98380379 | BA4: =P$18*EXP(-P$20*BA$1) -> 0.95658918 | BB4: =P$18*EXP(-P$20*BB$1) -> 0.93012739 | BC4: =P$18*EXP(-P$20*BC$1) -> 0.9043976 | BD4: =P$18*EXP(-P$20*BD$1) -> 0.87937957 | BE4: =P$18*EXP(-P$20*BE$1) -> 0.85505361 | BF4: =P$18*EXP(-P$20*BF$1) -> 0.83140056 | BG4: =P$18*EXP(-P$20*BG$1) -> 0.80840182 | BH4: =P$18*EXP(-P$20*BH$1) -> 0.78603929 | BI4: =P$18*EXP(-P$20*BI$1) -> 0.76429536 | BJ4: =P$18*EXP(-P$20*BJ$1) -> 0.74315293 | BK4: =P$18*EXP(-P$20*BK$1) -> 0.72259535 | BL4: =P$18*EXP(-P$20*BL$1) -> 0.70260645 | BM4: =P$18*EXP(-P$20*BM$1) -> 0.6831705 | BN4: =P$18*EXP(-P$20*BN$1) -> 0.66427219 | BO4: =P$18*EXP(-P$20*BO$1) -> 0.64589667 | BP4: =P$18*EXP(-P$20*BP$1) -> 0.62802946 | BQ4: =P$18*EXP(-P$20*BQ$1) -> 0.6106565 | BR4: =P$18*EXP(-P$20*BR$1) -> 0.59376412 | BS4: =P$18*EXP(-P$20*BS$1) -> 0.57733904 | BT4: =P$18*EXP(-P$20*BT$1) -> 0.56136831 | BU4: =P$18*EXP(-P$20*BU$1) -> 0.54583938 | BV4: =P$18*EXP(-P$20*BV$1) -> 0.53074002 | BW4: =P$18*EXP(-P$20*BW$1) -> 0.51605834 | BX4: =P$18*EXP(-P$20*BX$1) -> 0.5017828 | BY4: =P$18*EXP(-P$20*BY$1) -> 0.48790216 | BZ4: =P$18*EXP(-P$20*BZ$1) -> 0.4744055 | CA4: =P$18*EXP(-P$20*CA$1) -> 0.46128219 | CB4: =P$18*EXP(-P$20*CB$1) -> 0.4485219 | CC4: =P$18*EXP(-P$20*CC$1) -> 0.4361146 | CD4: =P$18*EXP(-P$20*CD$1) -> 0.42405051 | CE4: =P$18*EXP(-P$20*CE$1) -> 0.41232015 | CF4: =P$18*EXP(-P$20*CF$1) -> 0.40091429 | CG4: =P$18*EXP(-P$20*CG$1) -> 0.38982394 | CH4: =P$18*EXP(-P$20*CH$1) -> 0.37904038 | CI4: =P$18*EXP(-P$20*CI$1) -> 0.36855512 | CJ4: =P$18*EXP(-P$20*CJ$1) -> 0.35835991 | CK4: =P$18*EXP(-P$20*CK$1) -> 0.34844672 | CL4: =P$18*EXP(-P$20*CL$1) -> 0.33880776 | CM4: =P$18*EXP(-P$20*CM$1) -> 0.32943545 | CN4: =P$18*EXP(-P$20*CN$1) -> 0.32032239 | CO4: =P$18*EXP(-P$20*CO$1) -> 0.31146142 | CP4: =P$18*EXP(-P$20*CP$1) -> 0.30284558 | CQ4: =P$18*EXP(-P$20*CQ$1) -> 0.29446807 | CR4: =P$18*EXP(-P$20*CR$1) -> 0.2863223 | CS4: =P$18*EXP(-P$20*CS$1) -> 0.27840187 | CT4: =P$18*EXP(-P$20*CT$1) -> 0.27070054 | CU4: =P$18*EXP(-P$20*CU$1) -> 0.26321224 | CV4: =P$18*EXP(-P$20*CV$1) -> 0.2559311 | CW4: =P$18*EXP(-P$20*CW$1) -> 0.24885136 | CX4: =P$18*EXP(-P$20*CX$1) -> 0.24196748 | CY4: =P$18*EXP(-P$20*CY$1) -> 0.23527402 | CZ4: =P$18*EXP(-P$20*CZ$1) -> 0.22876571 | DA4: =P$18*EXP(-P$20*DA$1) -> 0.22243745 | DB4: =P$18*EXP(-P$20*DB$1) -> 0.21628424 | DC4: =P$18*EXP(-P$20*DC$1) -> 0.21030125 | DD4: =P$18*EXP(-P$20*DD$1) -> 0.20448376 | DE4: =P$18*EXP(-P$20*DE$1) -> 0.19882719 | DF4: =P$18*EXP(-P$20*DF$1) -> 0.19332711 | DG4: =P$18*EXP(-P$20*DG$1) -> 0.18797917 | DH4: =P$18*EXP(-P$20*DH$1) -> 0.18277917 | DI4: =P$18*EXP(-P$20*DI$1) -> 0.17772301 | DJ4: =P$18*EXP(-P$20*DJ$1) -> 0.17280672 | DK4: =P$18*EXP(-P$20*DK$1) -> 0.16802643 | DL4: =P$18*EXP(-P$20*DL$1) -> 0.16337838 | DM4: =P$18*EXP(-P$20*DM$1) -> 0.1588589 | DN4: =P$18*EXP(-P$20*DN$1) -> 0.15446444 | DO4: =P$18*EXP(-P$20*DO$1) -> 0.15019155 | DP4: =P$18*EXP(-P$20*DP$1) -> 0.14603685 | DQ4: =P$18*EXP(-P$20*DQ$1) -> 0.14199708 | DR4: =P$18*EXP(-P$20*DR$1) -> 0.13806907 | DS4: =P$18*EXP(-P$20*DS$1) -> 0.13424971 | DT4: =P$18*EXP(-P$20*DT$1) -> 0.13053601 | DU4: =P$18*EXP(-P$20*DU$1) -> 0.12692504 | DV4: =P$18*EXP(-P$20*DV$1) -> 0.12341396 | DW4: =P$18*EXP(-P$20*DW$1) -> 0.12 | DX4: =P$18*EXP(-P$20*DX$1) -> 0.11668048 | DY4: =P$18*EXP(-P$20*DY$1) -> 0.11345279 | DZ4: =P$18*EXP(-P$20*DZ$1) -> 0.11031439 | EA4: =P$18*EXP(-P$20*EA$1) -> 0.1072628 | EB4: =P$18*EXP(-P$20*EB$1) -> 0.10429563 | EC4: =P$18*EXP(-P$20*EC$1) -> 0.10141053 | ED4: =P$18*EXP(-P$20*ED$1) -> 0.098605249 | EE4: =P$18*EXP(-P$20*EE$1) -> 0.095877567 | EF4: =P$18*EXP(-P$20*EF$1) -> 0.09322534 | EG4: =P$18*EXP(-P$20*EG$1) -> 0.09064648 | EH4: =P$18*EXP(-P$20*EH$1) -> 0.088138959 | EI4: =P$18*EXP(-P$20*EI$1) -> 0.085700802 | EJ4: =P$18*EXP(-P$20*EJ$1) -> 0.083330091 | EK4: =P$18*EXP(-P$20*EK$1) -> 0.08102496 | EL4: =P$18*EXP(-P$20*EL$1) -> 0.078783595 | EM4: =P$18*EXP(-P$20*EM$1) -> 0.076604233 | EN4: =P$18*EXP(-P$20*EN$1) -> 0.074485157 | EO4: =P$18*EXP(-P$20*EO$1) -> 0.0724247 | EP4: =P$18*EXP(-P$20*EP$1) -> 0.070421241 | EQ4: =P$18*EXP(-P$20*EQ$1) -> 0.068473204 | ER4: =P$18*EXP(-P$20*ER$1) -> 0.066579053 | ES4: =P$18*EXP(-P$20*ES$1) -> 0.064737301 | ET4: =P$18*EXP(-P$20*ET$1) -> 0.062946496 | EU4: =P$18*EXP(-P$20*EU$1) -> 0.061205229 | EV4: =P$18*EXP(-P$20*EV$1) -> 0.05951213 | EW4: =P$18*EXP(-P$20*EW$1) -> 0.057865867 | EX4: =P$18*EXP(-P$20*EX$1) -> 0.056265144 | EY4: =P$18*EXP(-P$20*EY$1) -> 0.054708702 | EZ4: =P$18*EXP(-P$20*EZ$1) -> 0.053195314 | FA4: =P$18*EXP(-P$20*FA$1) -> 0.051723791 | FB4: =P$18*EXP(-P$20*FB$1) -> 0.050292974 | FC4: =P$18*EXP(-P$20*FC$1) -> 0.048901737 | FD4: =P$18*EXP(-P$20*FD$1) -> 0.047548986 | FE4: =P$18*EXP(-P$20*FE$1) -> 0.046233655 | FF4: =P$18*EXP(-P$20*FF$1) -> 0.04495471 | FG4: =P$18*EXP(-P$20*FG$1) -> 0.043711143 | FH4: =P$18*EXP(-P$20*FH$1) -> 0.042501978 | FI4: =P$18*EXP(-P$20*FI$1) -> 0.04132626 | FJ4: =P$18*EXP(-P$20*FJ$1) -> 0.040183067 | FK4: =P$18*EXP(-P$20*FK$1) -> 0.039071497 | FL4: =P$18*EXP(-P$20*FL$1) -> 0.037990676 | FM4: =P$18*EXP(-P$20*FM$1) -> 0.036939753 | FN4: =P$18*EXP(-P$20*FN$1) -> 0.035917902 | FO4: =P$18*EXP(-P$20*FO$1) -> 0.034924317 | FP4: =P$18*EXP(-P$20*FP$1) -> 0.033958218 | FQ4: =P$18*EXP(-P$20*FQ$1) -> 0.033018844 | FR4: =P$18*EXP(-P$20*FR$1) -> 0.032105456 | FS4: =P$18*EXP(-P$20*FS$1) -> 0.031217334 | FT4: =P$18*EXP(-P$20*FT$1) -> 0.03035378 | FU4: =P$18*EXP(-P$20*FU$1) -> 0.029514114 | FV4: =P$18*EXP(-P$20*FV$1) -> 0.028697675 | FW4: =P$18*EXP(-P$20*FW$1) -> 0.027903822 | FX4: =P$18*EXP(-P$20*FX$1) -> 0.027131928 | FY4: =P$18*EXP(-P$20*FY$1) -> 0.026381387 | FZ4: =P$18*EXP(-P$20*FZ$1) -> 0.025651608 | GA4: =P$18*EXP(-P$20*GA$1) -> 0.024942017 | GB4: =P$18*EXP(-P$20*GB$1) -> 0.024252055 | GC4: =P$18*EXP(-P$20*GC$1) -> 0.023581179 | GD4: =P$18*EXP(-P$20*GD$1) -> 0.022928861 | GE4: =P$18*EXP(-P$20*GE$1) -> 0.022294588 | GF4: =P$18*EXP(-P$20*GF$1) -> 0.021677861 | GG4: =P$18*EXP(-P$20*GG$1) -> 0.021078194 | GH4: =P$18*EXP(-P$20*GH$1) -> 0.020495115 | GI4: =P$18*EXP(-P$20*GI$1) -> 0.019928166 | GJ4: =P$18*EXP(-P$20*GJ$1) -> 0.0193769 | GK4: =P$18*EXP(-P$20*GK$1) -> 0.018840884 | GL4: =P$18*EXP(-P$20*GL$1) -> 0.018319695 | GM4: =P$18*EXP(-P$20*GM$1) -> 0.017812924 | GN4: =P$18*EXP(-P$20*GN$1) -> 0.017320171 | GO4: =P$18*EXP(-P$20*GO$1) -> 0.016841049 | GP4: =P$18*EXP(-P$20*GP$1) -> 0.016375181 | GQ4: =P$18*EXP(-P$20*GQ$1) -> 0.015922201 | GR4: =P$18*EXP(-P$20*GR$1) -> 0.01548175 | GS4: =P$18*EXP(-P$20*GS$1) -> 0.015053484 | GT4: =P$18*EXP(-P$20*GT$1) -> 0.014637065 | GU4: =P$18*EXP(-P$20*GU$1) -> 0.014232165 | GV4: =P$18*EXP(-P$20*GV$1) -> 0.013838466 | GW4: =P$18*EXP(-P$20*GW$1) -> 0.013455657 | GX4: =P$18*EXP(-P$20*GX$1) -> 0.013083438 | GY4: =P$18*EXP(-P$20*GY$1) -> 0.012721515 | GZ4: =P$18*EXP(-P$20*GZ$1) -> 0.012369605 | HA4: =P$18*EXP(-P$20*HA$1) -> 0.012027429 | HB4: =P$18*EXP(-P$20*HB$1) -> 0.011694718 | HC4: =P$18*EXP(-P$20*HC$1) -> 0.011371211 | HD4: =P$18*EXP(-P$20*HD$1) -> 0.011056653 | HE4: =P$18*EXP(-P$20*HE$1) -> 0.010750797 | HF4: =P$18*EXP(-P$20*HF$1) -> 0.010453402 | HG4: =P$18*EXP(-P$20*HG$1) -> 0.010164233 | HH4: =P$18*EXP(-P$20*HH$1) -> 0.0098830634 | HI4: =P$18*EXP(-P$20*HI$1) -> 0.0096096717 | HJ4: =P$18*EXP(-P$20*HJ$1) -> 0.0093438427 | HK4: =P$18*EXP(-P$20*HK$1) -> 0.0090853673 | HL4: =P$18*EXP(-P$20*HL$1) -> 0.008834042 | HM4: =P$18*EXP(-P$20*HM$1) -> 0.008589669 | HN4: =P$18*EXP(-P$20*HN$1) -> 0.008352056 | HO4: =P$18*EXP(-P$20*HO$1) -> 0.0081210161 | HP4: =P$18*EXP(-P$20*HP$1) -> 0.0078963673 | HQ4: =P$18*EXP(-P$20*HQ$1) -> 0.0076779329 | HR4: =P$18*EXP(-P$20*HR$1) -> 0.0074655409 | HS4: =P$18*EXP(-P$20*HS$1) -> 0.0072590243 | HT4: =P$18*EXP(-P$20*HT$1) -> 0.0070582205 | HU4: =P$18*EXP(-P$20*HU$1) -> 0.0068629714 | HV4: =P$18*EXP(-P$20*HV$1) -> 0.0066731235 | HW4: =P$18*EXP(-P$20*HW$1) -> 0.0064885272 | HX4: =P$18*EXP(-P$20*HX$1) -> 0.0063090374 | HY4: =P$18*EXP(-P$20*HY$1) -> 0.0061345127 | HZ4: =P$18*EXP(-P$20*HZ$1) -> 0.0059648158 | IA4: =P$18*EXP(-P$20*IA$1) -> 0.0057998133 | IB4: =P$18*EXP(-P$20*IB$1) -> 0.0056393751 | IC4: =P$18*EXP(-P$20*IC$1) -> 0.005483375 | ID4: =P$18*EXP(-P$20*ID$1) -> 0.0053316904 | IE4: =P$18*EXP(-P$20*IE$1) -> 0.0051842017 | IF4: =P$18*EXP(-P$20*IF$1) -> 0.005040793 | IG4: =P$18*EXP(-P$20*IG$1) -> 0.0049013513 | IH4: =P$18*EXP(-P$20*IH$1) -> 0.0047657669 | II4: =P$18*EXP(-P$20*II$1) -> 0.0046339332 | IJ4: =P$18*EXP(-P$20*IJ$1) -> 0.0045057464 | IK4: =P$18*EXP(-P$20*IK$1) -> 0.0043811055 | IL4: =P$18*EXP(-P$20*IL$1) -> 0.0042599125 | IM4: =P$18*EXP(-P$20*IM$1) -> 0.0041420721 | IN4: =P$18*EXP(-P$20*IN$1) -> 0.0040274914 | IO4: =P$18*EXP(-P$20*IO$1) -> 0.0039160803 | IP4: =P$18*EXP(-P$20*IP$1) -> 0.0038077512 | IQ4: =P$18*EXP(-P$20*IQ$1) -> 0.0037024187 | IR4: =P$18*EXP(-P$20*IR$1) -> 0.0036 | IS4: =P$18*EXP(-P$20*IS$1) -> 0.0035004145 | IT4: =P$18*EXP(-P$20*IT$1) -> 0.0034035837 | IU4: =P$18*EXP(-P$20*IU$1) -> 0.0033094316 | IV4: =P$18*EXP(-P$20*IV$1) -> 0.003217884 | IW4: =P$18*EXP(-P$20*IW$1) -> 0.0031288688 | IX4: =P$18*EXP(-P$20*IX$1) -> 0.003042316 | IY4: =P$18*EXP(-P$20*IY$1) -> 0.0029581575 | IZ4: =P$18*EXP(-P$20*IZ$1) -> 0.002876327 | JA4: =P$18*EXP(-P$20*JA$1) -> 0.0027967602 | JB4: =P$18*EXP(-P$20*JB$1) -> 0.0027193944 | JC4: =P$18*EXP(-P$20*JC$1) -> 0.0026441688 | JD4: =P$18*EXP(-P$20*JD$1) -> 0.0025710241 | JE4: =P$18*EXP(-P$20*JE$1) -> 0.0024999027 | JF4: =P$18*EXP(-P$20*JF$1) -> 0.0024307488 | JG4: =P$18*EXP(-P$20*JG$1) -> 0.0023635079 | JH4: =P$18*EXP(-P$20*JH$1) -> 0.002298127 | JI4: =P$18*EXP(-P$20*JI$1) -> 0.0022345547 | JJ4: =P$18*EXP(-P$20*JJ$1) -> 0.002172741 | JK4: =P$18*EXP(-P$20*JK$1) -> 0.0021126372 | JL4: =P$18*EXP(-P$20*JL$1) -> 0.0020541961 | JM4: =P$18*EXP(-P$20*JM$1) -> 0.0019973716 | JN4: =P$18*EXP(-P$20*JN$1) -> 0.001942119 | JO4: =P$18*EXP(-P$20*JO$1) -> 0.0018883949 | JP4: =P$18*EXP(-P$20*JP$1) -> 0.0018361569 | JQ4: =P$18*EXP(-P$20*JQ$1) -> 0.0017853639 | JR4: =P$18*EXP(-P$20*JR$1) -> 0.001735976 | JS4: =P$18*EXP(-P$20*JS$1) -> 0.0016879543 | JT4: =P$18*EXP(-P$20*JT$1) -> 0.001641261 | JU4: =P$18*EXP(-P$20*JU$1) -> 0.0015958594 | JV4: =P$18*EXP(-P$20*JV$1) -> 0.0015517137 | JW4: =P$18*EXP(-P$20*JW$1) -> 0.0015087892 | JX4: =P$18*EXP(-P$20*JX$1) -> 0.0014670521 | JY4: =P$18*EXP(-P$20*JY$1) -> 0.0014264696 | JZ4: =P$18*EXP(-P$20*JZ$1) -> 0.0013870096 | KA4: =P$18*EXP(-P$20*KA$1) -> 0.0013486413 | KB4: =P$18*EXP(-P$20*KB$1) -> 0.0013113343 | KC4: =P$18*EXP(-P$20*KC$1) -> 0.0012750593
A5: Condition(t_0) | B5: =Q$18*EXP(-Q$20*B$1) -> 3 | C5: =Q$18*EXP(-Q$20*C$1) -> 2.9170121 | D5: =Q$18*EXP(-Q$20*D$1) -> 2.8363198 | E5: =Q$18*EXP(-Q$20*E$1) -> 2.7578597 | F5: =Q$18*EXP(-Q$20*F$1) -> 2.68157 | G5: =Q$18*EXP(-Q$20*G$1) -> 2.6073907 | H5: =Q$18*EXP(-Q$20*H$1) -> 2.5352633 | I5: =Q$18*EXP(-Q$20*I$1) -> 2.4651312 | J5: =Q$18*EXP(-Q$20*J$1) -> 2.3969392 | K5: =Q$18*EXP(-Q$20*K$1) -> 2.3306335 | L5: =Q$18*EXP(-Q$20*L$1) -> 2.266162 | M5: =Q$18*EXP(-Q$20*M$1) -> 2.203474 | N5: =Q$18*EXP(-Q$20*N$1) -> 2.1425201 | O5: =Q$18*EXP(-Q$20*O$1) -> 2.0832523 | P5: =Q$18*EXP(-Q$20*P$1) -> 2.025624 | Q5: =Q$18*EXP(-Q$20*Q$1) -> 1.9695899 | R5: =Q$18*EXP(-Q$20*R$1) -> 1.9151058 | S5: =Q$18*EXP(-Q$20*S$1) -> 1.8621289 | T5: =Q$18*EXP(-Q$20*T$1) -> 1.8106175 | U5: =Q$18*EXP(-Q$20*U$1) -> 1.760531 | V5: =Q$18*EXP(-Q$20*V$1) -> 1.7118301 | W5: =Q$18*EXP(-Q$20*W$1) -> 1.6644763 | X5: =Q$18*EXP(-Q$20*X$1) -> 1.6184325 | Y5: =Q$18*EXP(-Q$20*Y$1) -> 1.5736624 | Z5: =Q$18*EXP(-Q$20*Z$1) -> 1.5301307 | AA5: =Q$18*EXP(-Q$20*AA$1) -> 1.4878033 | AB5: =Q$18*EXP(-Q$20*AB$1) -> 1.4466467 | AC5: =Q$18*EXP(-Q$20*AC$1) -> 1.4066286 | AD5: =Q$18*EXP(-Q$20*AD$1) -> 1.3677175 | AE5: =Q$18*EXP(-Q$20*AE$1) -> 1.3298829 | AF5: =Q$18*EXP(-Q$20*AF$1) -> 1.2930948 | AG5: =Q$18*EXP(-Q$20*AG$1) -> 1.2573243 | AH5: =Q$18*EXP(-Q$20*AH$1) -> 1.2225434 | AI5: =Q$18*EXP(-Q$20*AI$1) -> 1.1887246 | AJ5: =Q$18*EXP(-Q$20*AJ$1) -> 1.1558414 | AK5: =Q$18*EXP(-Q$20*AK$1) -> 1.1238677 | AL5: =Q$18*EXP(-Q$20*AL$1) -> 1.0927786 | AM5: =Q$18*EXP(-Q$20*AM$1) -> 1.0625494 | AN5: =Q$18*EXP(-Q$20*AN$1) -> 1.0331565 | AO5: =Q$18*EXP(-Q$20*AO$1) -> 1.0045767 | AP5: =Q$18*EXP(-Q$20*AP$1) -> 0.97678742 | AQ5: =Q$18*EXP(-Q$20*AQ$1) -> 0.94976689 | AR5: =Q$18*EXP(-Q$20*AR$1) -> 0.92349383 | AS5: =Q$18*EXP(-Q$20*AS$1) -> 0.89794754 | AT5: =Q$18*EXP(-Q$20*AT$1) -> 0.87310794 | AU5: =Q$18*EXP(-Q$20*AU$1) -> 0.84895546 | AV5: =Q$18*EXP(-Q$20*AV$1) -> 0.82547111 | AW5: =Q$18*EXP(-Q$20*AW$1) -> 0.80263639 | AX5: =Q$18*EXP(-Q$20*AX$1) -> 0.78043334 | AY5: =Q$18*EXP(-Q$20*AY$1) -> 0.75884449 | AZ5: =Q$18*EXP(-Q$20*AZ$1) -> 0.73785285 | BA5: =Q$18*EXP(-Q$20*BA$1) -> 0.71744188 | BB5: =Q$18*EXP(-Q$20*BB$1) -> 0.69759554 | BC5: =Q$18*EXP(-Q$20*BC$1) -> 0.6782982 | BD5: =Q$18*EXP(-Q$20*BD$1) -> 0.65953468 | BE5: =Q$18*EXP(-Q$20*BE$1) -> 0.64129021 | BF5: =Q$18*EXP(-Q$20*BF$1) -> 0.62355042 | BG5: =Q$18*EXP(-Q$20*BG$1) -> 0.60630137 | BH5: =Q$18*EXP(-Q$20*BH$1) -> 0.58952947 | BI5: =Q$18*EXP(-Q$20*BI$1) -> 0.57322152 | BJ5: =Q$18*EXP(-Q$20*BJ$1) -> 0.5573647 | BK5: =Q$18*EXP(-Q$20*BK$1) -> 0.54194651 | BL5: =Q$18*EXP(-Q$20*BL$1) -> 0.52695484 | BM5: =Q$18*EXP(-Q$20*BM$1) -> 0.51237787 | BN5: =Q$18*EXP(-Q$20*BN$1) -> 0.49820415 | BO5: =Q$18*EXP(-Q$20*BO$1) -> 0.4844225 | BP5: =Q$18*EXP(-Q$20*BP$1) -> 0.47102209 | BQ5: =Q$18*EXP(-Q$20*BQ$1) -> 0.45799237 | BR5: =Q$18*EXP(-Q$20*BR$1) -> 0.44532309 | BS5: =Q$18*EXP(-Q$20*BS$1) -> 0.43300428 | BT5: =Q$18*EXP(-Q$20*BT$1) -> 0.42102623 | BU5: =Q$18*EXP(-Q$20*BU$1) -> 0.40937953 | BV5: =Q$18*EXP(-Q$20*BV$1) -> 0.39805501 | BW5: =Q$18*EXP(-Q$20*BW$1) -> 0.38704376 | BX5: =Q$18*EXP(-Q$20*BX$1) -> 0.3763371 | BY5: =Q$18*EXP(-Q$20*BY$1) -> 0.36592662 | BZ5: =Q$18*EXP(-Q$20*BZ$1) -> 0.35580412 | CA5: =Q$18*EXP(-Q$20*CA$1) -> 0.34596164 | CB5: =Q$18*EXP(-Q$20*CB$1) -> 0.33639143 | CC5: =Q$18*EXP(-Q$20*CC$1) -> 0.32708595 | CD5: =Q$18*EXP(-Q$20*CD$1) -> 0.31803789 | CE5: =Q$18*EXP(-Q$20*CE$1) -> 0.30924012 | CF5: =Q$18*EXP(-Q$20*CF$1) -> 0.30068572 | CG5: =Q$18*EXP(-Q$20*CG$1) -> 0.29236795 | CH5: =Q$18*EXP(-Q$20*CH$1) -> 0.28428028 | CI5: =Q$18*EXP(-Q$20*CI$1) -> 0.27641634 | CJ5: =Q$18*EXP(-Q$20*CJ$1) -> 0.26876993 | CK5: =Q$18*EXP(-Q$20*CK$1) -> 0.26133504 | CL5: =Q$18*EXP(-Q$20*CL$1) -> 0.25410582 | CM5: =Q$18*EXP(-Q$20*CM$1) -> 0.24707658 | CN5: =Q$18*EXP(-Q$20*CN$1) -> 0.24024179 | CO5: =Q$18*EXP(-Q$20*CO$1) -> 0.23359607 | CP5: =Q$18*EXP(-Q$20*CP$1) -> 0.22713418 | CQ5: =Q$18*EXP(-Q$20*CQ$1) -> 0.22085105 | CR5: =Q$18*EXP(-Q$20*CR$1) -> 0.21474173 | CS5: =Q$18*EXP(-Q$20*CS$1) -> 0.2088014 | CT5: =Q$18*EXP(-Q$20*CT$1) -> 0.2030254 | CU5: =Q$18*EXP(-Q$20*CU$1) -> 0.19740918 | CV5: =Q$18*EXP(-Q$20*CV$1) -> 0.19194832 | CW5: =Q$18*EXP(-Q$20*CW$1) -> 0.18663852 | CX5: =Q$18*EXP(-Q$20*CX$1) -> 0.18147561 | CY5: =Q$18*EXP(-Q$20*CY$1) -> 0.17645551 | CZ5: =Q$18*EXP(-Q$20*CZ$1) -> 0.17157429 | DA5: =Q$18*EXP(-Q$20*DA$1) -> 0.16682809 | DB5: =Q$18*EXP(-Q$20*DB$1) -> 0.16221318 | DC5: =Q$18*EXP(-Q$20*DC$1) -> 0.15772593 | DD5: =Q$18*EXP(-Q$20*DD$1) -> 0.15336282 | DE5: =Q$18*EXP(-Q$20*DE$1) -> 0.1491204 | DF5: =Q$18*EXP(-Q$20*DF$1) -> 0.14499533 | DG5: =Q$18*EXP(-Q$20*DG$1) -> 0.14098438 | DH5: =Q$18*EXP(-Q$20*DH$1) -> 0.13708438 | DI5: =Q$18*EXP(-Q$20*DI$1) -> 0.13329226 | DJ5: =Q$18*EXP(-Q$20*DJ$1) -> 0.12960504 | DK5: =Q$18*EXP(-Q$20*DK$1) -> 0.12601982 | DL5: =Q$18*EXP(-Q$20*DL$1) -> 0.12253378 | DM5: =Q$18*EXP(-Q$20*DM$1) -> 0.11914417 | DN5: =Q$18*EXP(-Q$20*DN$1) -> 0.11584833 | DO5: =Q$18*EXP(-Q$20*DO$1) -> 0.11264366 | DP5: =Q$18*EXP(-Q$20*DP$1) -> 0.10952764 | DQ5: =Q$18*EXP(-Q$20*DQ$1) -> 0.10649781 | DR5: =Q$18*EXP(-Q$20*DR$1) -> 0.1035518 | DS5: =Q$18*EXP(-Q$20*DS$1) -> 0.10068728 | DT5: =Q$18*EXP(-Q$20*DT$1) -> 0.097902008 | DU5: =Q$18*EXP(-Q$20*DU$1) -> 0.095193779 | DV5: =Q$18*EXP(-Q$20*DV$1) -> 0.092560467 | DW5: =Q$18*EXP(-Q$20*DW$1) -> 0.09 | DX5: =Q$18*EXP(-Q$20*DX$1) -> 0.087510362 | DY5: =Q$18*EXP(-Q$20*DY$1) -> 0.085089594 | DZ5: =Q$18*EXP(-Q$20*DZ$1) -> 0.08273579 | EA5: =Q$18*EXP(-Q$20*EA$1) -> 0.080447099 | EB5: =Q$18*EXP(-Q$20*EB$1) -> 0.07822172 | EC5: =Q$18*EXP(-Q$20*EC$1) -> 0.0760579 | ED5: =Q$18*EXP(-Q$20*ED$1) -> 0.073953937 | EE5: =Q$18*EXP(-Q$20*EE$1) -> 0.071908176 | EF5: =Q$18*EXP(-Q$20*EF$1) -> 0.069919005 | EG5: =Q$18*EXP(-Q$20*EG$1) -> 0.06798486 | EH5: =Q$18*EXP(-Q$20*EH$1) -> 0.066104219 | EI5: =Q$18*EXP(-Q$20*EI$1) -> 0.064275602 | EJ5: =Q$18*EXP(-Q$20*EJ$1) -> 0.062497568 | EK5: =Q$18*EXP(-Q$20*EK$1) -> 0.06076872 | EL5: =Q$18*EXP(-Q$20*EL$1) -> 0.059087697 | EM5: =Q$18*EXP(-Q$20*EM$1) -> 0.057453174 | EN5: =Q$18*EXP(-Q$20*EN$1) -> 0.055863868 | EO5: =Q$18*EXP(-Q$20*EO$1) -> 0.054318525 | EP5: =Q$18*EXP(-Q$20*EP$1) -> 0.052815931 | EQ5: =Q$18*EXP(-Q$20*EQ$1) -> 0.051354903 | ER5: =Q$18*EXP(-Q$20*ER$1) -> 0.04993429 | ES5: =Q$18*EXP(-Q$20*ES$1) -> 0.048552976 | ET5: =Q$18*EXP(-Q$20*ET$1) -> 0.047209872 | EU5: =Q$18*EXP(-Q$20*EU$1) -> 0.045903922 | EV5: =Q$18*EXP(-Q$20*EV$1) -> 0.044634098 | EW5: =Q$18*EXP(-Q$20*EW$1) -> 0.043399401 | EX5: =Q$18*EXP(-Q$20*EX$1) -> 0.042198858 | EY5: =Q$18*EXP(-Q$20*EY$1) -> 0.041031526 | EZ5: =Q$18*EXP(-Q$20*EZ$1) -> 0.039896486 | FA5: =Q$18*EXP(-Q$20*FA$1) -> 0.038792843 | FB5: =Q$18*EXP(-Q$20*FB$1) -> 0.03771973 | FC5: =Q$18*EXP(-Q$20*FC$1) -> 0.036676303 | FD5: =Q$18*EXP(-Q$20*FD$1) -> 0.035661739 | FE5: =Q$18*EXP(-Q$20*FE$1) -> 0.034675241 | FF5: =Q$18*EXP(-Q$20*FF$1) -> 0.033716032 | FG5: =Q$18*EXP(-Q$20*FG$1) -> 0.032783358 | FH5: =Q$18*EXP(-Q$20*FH$1) -> 0.031876483 | FI5: =Q$18*EXP(-Q$20*FI$1) -> 0.030994695 | FJ5: =Q$18*EXP(-Q$20*FJ$1) -> 0.0301373 | FK5: =Q$18*EXP(-Q$20*FK$1) -> 0.029303622 | FL5: =Q$18*EXP(-Q$20*FL$1) -> 0.028493007 | FM5: =Q$18*EXP(-Q$20*FM$1) -> 0.027704815 | FN5: =Q$18*EXP(-Q$20*FN$1) -> 0.026938426 | FO5: =Q$18*EXP(-Q$20*FO$1) -> 0.026193238 | FP5: =Q$18*EXP(-Q$20*FP$1) -> 0.025468664 | FQ5: =Q$18*EXP(-Q$20*FQ$1) -> 0.024764133 | FR5: =Q$18*EXP(-Q$20*FR$1) -> 0.024079092 | FS5: =Q$18*EXP(-Q$20*FS$1) -> 0.023413 | FT5: =Q$18*EXP(-Q$20*FT$1) -> 0.022765335 | FU5: =Q$18*EXP(-Q$20*FU$1) -> 0.022135585 | FV5: =Q$18*EXP(-Q$20*FV$1) -> 0.021523257 | FW5: =Q$18*EXP(-Q$20*FW$1) -> 0.020927866 | FX5: =Q$18*EXP(-Q$20*FX$1) -> 0.020348946 | FY5: =Q$18*EXP(-Q$20*FY$1) -> 0.01978604 | FZ5: =Q$18*EXP(-Q$20*FZ$1) -> 0.019238706 | GA5: =Q$18*EXP(-Q$20*GA$1) -> 0.018706513 | GB5: =Q$18*EXP(-Q$20*GB$1) -> 0.018189041 | GC5: =Q$18*EXP(-Q$20*GC$1) -> 0.017685884 | GD5: =Q$18*EXP(-Q$20*GD$1) -> 0.017196646 | GE5: =Q$18*EXP(-Q$20*GE$1) -> 0.016720941 | GF5: =Q$18*EXP(-Q$20*GF$1) -> 0.016258395 | GG5: =Q$18*EXP(-Q$20*GG$1) -> 0.015808645 | GH5: =Q$18*EXP(-Q$20*GH$1) -> 0.015371336 | GI5: =Q$18*EXP(-Q$20*GI$1) -> 0.014946124 | GJ5: =Q$18*EXP(-Q$20*GJ$1) -> 0.014532675 | GK5: =Q$18*EXP(-Q$20*GK$1) -> 0.014130663 | GL5: =Q$18*EXP(-Q$20*GL$1) -> 0.013739771 | GM5: =Q$18*EXP(-Q$20*GM$1) -> 0.013359693 | GN5: =Q$18*EXP(-Q$20*GN$1) -> 0.012990128 | GO5: =Q$18*EXP(-Q$20*GO$1) -> 0.012630787 | GP5: =Q$18*EXP(-Q$20*GP$1) -> 0.012281386 | GQ5: =Q$18*EXP(-Q$20*GQ$1) -> 0.01194165 | GR5: =Q$18*EXP(-Q$20*GR$1) -> 0.011611313 | GS5: =Q$18*EXP(-Q$20*GS$1) -> 0.011290113 | GT5: =Q$18*EXP(-Q$20*GT$1) -> 0.010977799 | GU5: =Q$18*EXP(-Q$20*GU$1) -> 0.010674124 | GV5: =Q$18*EXP(-Q$20*GV$1) -> 0.010378849 | GW5: =Q$18*EXP(-Q$20*GW$1) -> 0.010091743 | GX5: =Q$18*EXP(-Q$20*GX$1) -> 0.0098125785 | GY5: =Q$18*EXP(-Q$20*GY$1) -> 0.0095411366 | GZ5: =Q$18*EXP(-Q$20*GZ$1) -> 0.0092772035 | HA5: =Q$18*EXP(-Q$20*HA$1) -> 0.0090205715 | HB5: =Q$18*EXP(-Q$20*HB$1) -> 0.0087710386 | HC5: =Q$18*EXP(-Q$20*HC$1) -> 0.0085284085 | HD5: =Q$18*EXP(-Q$20*HD$1) -> 0.0082924901 | HE5: =Q$18*EXP(-Q$20*HE$1) -> 0.0080630979 | HF5: =Q$18*EXP(-Q$20*HF$1) -> 0.0078400513 | HG5: =Q$18*EXP(-Q$20*HG$1) -> 0.0076231747 | HH5: =Q$18*EXP(-Q$20*HH$1) -> 0.0074122975 | HI5: =Q$18*EXP(-Q$20*HI$1) -> 0.0072072538 | HJ5: =Q$18*EXP(-Q$20*HJ$1) -> 0.007007882 | HK5: =Q$18*EXP(-Q$20*HK$1) -> 0.0068140255 | HL5: =Q$18*EXP(-Q$20*HL$1) -> 0.0066255315 | HM5: =Q$18*EXP(-Q$20*HM$1) -> 0.0064422518 | HN5: =Q$18*EXP(-Q$20*HN$1) -> 0.006264042 | HO5: =Q$18*EXP(-Q$20*HO$1) -> 0.006090762 | HP5: =Q$18*EXP(-Q$20*HP$1) -> 0.0059222755 | HQ5: =Q$18*EXP(-Q$20*HQ$1) -> 0.0057584496 | HR5: =Q$18*EXP(-Q$20*HR$1) -> 0.0055991557 | HS5: =Q$18*EXP(-Q$20*HS$1) -> 0.0054442682 | HT5: =Q$18*EXP(-Q$20*HT$1) -> 0.0052936654 | HU5: =Q$18*EXP(-Q$20*HU$1) -> 0.0051472286 | HV5: =Q$18*EXP(-Q$20*HV$1) -> 0.0050048426 | HW5: =Q$18*EXP(-Q$20*HW$1) -> 0.0048663954 | HX5: =Q$18*EXP(-Q$20*HX$1) -> 0.004731778 | HY5: =Q$18*EXP(-Q$20*HY$1) -> 0.0046008845 | HZ5: =Q$18*EXP(-Q$20*HZ$1) -> 0.0044736119 | IA5: =Q$18*EXP(-Q$20*IA$1) -> 0.0043498599 | IB5: =Q$18*EXP(-Q$20*IB$1) -> 0.0042295313 | IC5: =Q$18*EXP(-Q$20*IC$1) -> 0.0041125313 | ID5: =Q$18*EXP(-Q$20*ID$1) -> 0.0039987678 | IE5: =Q$18*EXP(-Q$20*IE$1) -> 0.0038881513 | IF5: =Q$18*EXP(-Q$20*IF$1) -> 0.0037805947 | IG5: =Q$18*EXP(-Q$20*IG$1) -> 0.0036760135 | IH5: =Q$18*EXP(-Q$20*IH$1) -> 0.0035743252 | II5: =Q$18*EXP(-Q$20*II$1) -> 0.0034754499 | IJ5: =Q$18*EXP(-Q$20*IJ$1) -> 0.0033793098 | IK5: =Q$18*EXP(-Q$20*IK$1) -> 0.0032858291 | IL5: =Q$18*EXP(-Q$20*IL$1) -> 0.0031949344 | IM5: =Q$18*EXP(-Q$20*IM$1) -> 0.003106554 | IN5: =Q$18*EXP(-Q$20*IN$1) -> 0.0030206185 | IO5: =Q$18*EXP(-Q$20*IO$1) -> 0.0029370602 | IP5: =Q$18*EXP(-Q$20*IP$1) -> 0.0028558134 | IQ5: =Q$18*EXP(-Q$20*IQ$1) -> 0.002776814 | IR5: =Q$18*EXP(-Q$20*IR$1) -> 0.0027 | IS5: =Q$18*EXP(-Q$20*IS$1) -> 0.0026253109 | IT5: =Q$18*EXP(-Q$20*IT$1) -> 0.0025526878 | IU5: =Q$18*EXP(-Q$20*IU$1) -> 0.0024820737 | IV5: =Q$18*EXP(-Q$20*IV$1) -> 0.002413413 | IW5: =Q$18*EXP(-Q$20*IW$1) -> 0.0023466516 | IX5: =Q$18*EXP(-Q$20*IX$1) -> 0.002281737 | IY5: =Q$18*EXP(-Q$20*IY$1) -> 0.0022186181 | IZ5: =Q$18*EXP(-Q$20*IZ$1) -> 0.0021572453 | JA5: =Q$18*EXP(-Q$20*JA$1) -> 0.0020975702 | JB5: =Q$18*EXP(-Q$20*JB$1) -> 0.0020395458 | JC5: =Q$18*EXP(-Q$20*JC$1) -> 0.0019831266 | JD5: =Q$18*EXP(-Q$20*JD$1) -> 0.001928268 | JE5: =Q$18*EXP(-Q$20*JE$1) -> 0.001874927 | JF5: =Q$18*EXP(-Q$20*JF$1) -> 0.0018230616 | JG5: =Q$18*EXP(-Q$20*JG$1) -> 0.0017726309 | JH5: =Q$18*EXP(-Q$20*JH$1) -> 0.0017235952 | JI5: =Q$18*EXP(-Q$20*JI$1) -> 0.001675916 | JJ5: =Q$18*EXP(-Q$20*JJ$1) -> 0.0016295558 | JK5: =Q$18*EXP(-Q$20*JK$1) -> 0.0015844779 | JL5: =Q$18*EXP(-Q$20*JL$1) -> 0.0015406471 | JM5: =Q$18*EXP(-Q$20*JM$1) -> 0.0014980287 | JN5: =Q$18*EXP(-Q$20*JN$1) -> 0.0014565893 | JO5: =Q$18*EXP(-Q$20*JO$1) -> 0.0014162962 | JP5: =Q$18*EXP(-Q$20*JP$1) -> 0.0013771177 | JQ5: =Q$18*EXP(-Q$20*JQ$1) -> 0.0013390229 | JR5: =Q$18*EXP(-Q$20*JR$1) -> 0.001301982 | JS5: =Q$18*EXP(-Q$20*JS$1) -> 0.0012659657 | JT5: =Q$18*EXP(-Q$20*JT$1) -> 0.0012309458 | JU5: =Q$18*EXP(-Q$20*JU$1) -> 0.0011968946 | JV5: =Q$18*EXP(-Q$20*JV$1) -> 0.0011637853 | JW5: =Q$18*EXP(-Q$20*JW$1) -> 0.0011315919 | JX5: =Q$18*EXP(-Q$20*JX$1) -> 0.0011002891 | JY5: =Q$18*EXP(-Q$20*JY$1) -> 0.0010698522 | JZ5: =Q$18*EXP(-Q$20*JZ$1) -> 0.0010402572 | KA5: =Q$18*EXP(-Q$20*KA$1) -> 0.001011481 | KB5: =Q$18*EXP(-Q$20*KB$1) -> 0.00098350073 | KC5: =Q$18*EXP(-Q$20*KC$1) -> 0.00095629449
A6: Condition(t_0) | B6: =R$18*EXP(-R$20*B$1) -> 2 | C6: =R$18*EXP(-R$20*C$1) -> 1.9446747 | D6: =R$18*EXP(-R$20*D$1) -> 1.8908799 | E6: =R$18*EXP(-R$20*E$1) -> 1.8385731 | F6: =R$18*EXP(-R$20*F$1) -> 1.7877133 | G6: =R$18*EXP(-R$20*G$1) -> 1.7382604 | H6: =R$18*EXP(-R$20*H$1) -> 1.6901756 | I6: =R$18*EXP(-R$20*I$1) -> 1.6434208 | J6: =R$18*EXP(-R$20*J$1) -> 1.5979595 | K6: =R$18*EXP(-R$20*K$1) -> 1.5537557 | L6: =R$18*EXP(-R$20*L$1) -> 1.5107747 | M6: =R$18*EXP(-R$20*M$1) -> 1.4689826 | N6: =R$18*EXP(-R$20*N$1) -> 1.4283467 | O6: =R$18*EXP(-R$20*O$1) -> 1.3888349 | P6: =R$18*EXP(-R$20*P$1) -> 1.350416 | Q6: =R$18*EXP(-R$20*Q$1) -> 1.3130599 | R6: =R$18*EXP(-R$20*R$1) -> 1.2767372 | S6: =R$18*EXP(-R$20*S$1) -> 1.2414193 | T6: =R$18*EXP(-R$20*T$1) -> 1.2070783 | U6: =R$18*EXP(-R$20*U$1) -> 1.1736874 | V6: =R$18*EXP(-R$20*V$1) -> 1.1412201 | W6: =R$18*EXP(-R$20*W$1) -> 1.1096509 | X6: =R$18*EXP(-R$20*X$1) -> 1.078955 | Y6: =R$18*EXP(-R$20*Y$1) -> 1.0491083 | Z6: =R$18*EXP(-R$20*Z$1) -> 1.0200871 | AA6: =R$18*EXP(-R$20*AA$1) -> 0.99186884 | AB6: =R$18*EXP(-R$20*AB$1) -> 0.96443112 | AC6: =R$18*EXP(-R$20*AC$1) -> 0.93775241 | AD6: =R$18*EXP(-R$20*AD$1) -> 0.91181169 | AE6: =R$18*EXP(-R$20*AE$1) -> 0.88658857 | AF6: =R$18*EXP(-R$20*AF$1) -> 0.86206318 | AG6: =R$18*EXP(-R$20*AG$1) -> 0.83821623 | AH6: =R$18*EXP(-R$20*AH$1) -> 0.81502895 | AI6: =R$18*EXP(-R$20*AI$1) -> 0.7924831 | AJ6: =R$18*EXP(-R$20*AJ$1) -> 0.77056092 | AK6: =R$18*EXP(-R$20*AK$1) -> 0.74924516 | AL6: =R$18*EXP(-R$20*AL$1) -> 0.72851906 | AM6: =R$18*EXP(-R$20*AM$1) -> 0.70836629 | AN6: =R$18*EXP(-R$20*AN$1) -> 0.68877101 | AO6: =R$18*EXP(-R$20*AO$1) -> 0.66971778 | AP6: =R$18*EXP(-R$20*AP$1) -> 0.65119161 | AQ6: =R$18*EXP(-R$20*AQ$1) -> 0.63317793 | AR6: =R$18*EXP(-R$20*AR$1) -> 0.61566255 | AS6: =R$18*EXP(-R$20*AS$1) -> 0.5986317 | AT6: =R$18*EXP(-R$20*AT$1) -> 0.58207196 | AU6: =R$18*EXP(-R$20*AU$1) -> 0.56597031 | AV6: =R$18*EXP(-R$20*AV$1) -> 0.55031407 | AW6: =R$18*EXP(-R$20*AW$1) -> 0.53509093 | AX6: =R$18*EXP(-R$20*AX$1) -> 0.5202889 | AY6: =R$18*EXP(-R$20*AY$1) -> 0.50589633 | AZ6: =R$18*EXP(-R$20*AZ$1) -> 0.4919019 | BA6: =R$18*EXP(-R$20*BA$1) -> 0.47829459 | BB6: =R$18*EXP(-R$20*BB$1) -> 0.46506369 | BC6: =R$18*EXP(-R$20*BC$1) -> 0.4521988 | BD6: =R$18*EXP(-R$20*BD$1) -> 0.43968979 | BE6: =R$18*EXP(-R$20*BE$1) -> 0.4275268 | BF6: =R$18*EXP(-R$20*BF$1) -> 0.41570028 | BG6: =R$18*EXP(-R$20*BG$1) -> 0.40420091 | BH6: =R$18*EXP(-R$20*BH$1) -> 0.39301964 | BI6: =R$18*EXP(-R$20*BI$1) -> 0.38214768 | BJ6: =R$18*EXP(-R$20*BJ$1) -> 0.37157646 | BK6: =R$18*EXP(-R$20*BK$1) -> 0.36129768 | BL6: =R$18*EXP(-R$20*BL$1) -> 0.35130323 | BM6: =R$18*EXP(-R$20*BM$1) -> 0.34158525 | BN6: =R$18*EXP(-R$20*BN$1) -> 0.3321361 | BO6: =R$18*EXP(-R$20*BO$1) -> 0.32294833 | BP6: =R$18*EXP(-R$20*BP$1) -> 0.31401473 | BQ6: =R$18*EXP(-R$20*BQ$1) -> 0.30532825 | BR6: =R$18*EXP(-R$20*BR$1) -> 0.29688206 | BS6: =R$18*EXP(-R$20*BS$1) -> 0.28866952 | BT6: =R$18*EXP(-R$20*BT$1) -> 0.28068416 | BU6: =R$18*EXP(-R$20*BU$1) -> 0.27291969 | BV6: =R$18*EXP(-R$20*BV$1) -> 0.26537001 | BW6: =R$18*EXP(-R$20*BW$1) -> 0.25802917 | BX6: =R$18*EXP(-R$20*BX$1) -> 0.2508914 | BY6: =R$18*EXP(-R$20*BY$1) -> 0.24395108 | BZ6: =R$18*EXP(-R$20*BZ$1) -> 0.23720275 | CA6: =R$18*EXP(-R$20*CA$1) -> 0.23064109 | CB6: =R$18*EXP(-R$20*CB$1) -> 0.22426095 | CC6: =R$18*EXP(-R$20*CC$1) -> 0.2180573 | CD6: =R$18*EXP(-R$20*CD$1) -> 0.21202526 | CE6: =R$18*EXP(-R$20*CE$1) -> 0.20616008 | CF6: =R$18*EXP(-R$20*CF$1) -> 0.20045714 | CG6: =R$18*EXP(-R$20*CG$1) -> 0.19491197 | CH6: =R$18*EXP(-R$20*CH$1) -> 0.18952019 | CI6: =R$18*EXP(-R$20*CI$1) -> 0.18427756 | CJ6: =R$18*EXP(-R$20*CJ$1) -> 0.17917995 | CK6: =R$18*EXP(-R$20*CK$1) -> 0.17422336 | CL6: =R$18*EXP(-R$20*CL$1) -> 0.16940388 | CM6: =R$18*EXP(-R$20*CM$1) -> 0.16471772 | CN6: =R$18*EXP(-R$20*CN$1) -> 0.16016119 | CO6: =R$18*EXP(-R$20*CO$1) -> 0.15573071 | CP6: =R$18*EXP(-R$20*CP$1) -> 0.15142279 | CQ6: =R$18*EXP(-R$20*CQ$1) -> 0.14723403 | CR6: =R$18*EXP(-R$20*CR$1) -> 0.14316115 | CS6: =R$18*EXP(-R$20*CS$1) -> 0.13920093 | CT6: =R$18*EXP(-R$20*CT$1) -> 0.13535027 | CU6: =R$18*EXP(-R$20*CU$1) -> 0.13160612 | CV6: =R$18*EXP(-R$20*CV$1) -> 0.12796555 | CW6: =R$18*EXP(-R$20*CW$1) -> 0.12442568 | CX6: =R$18*EXP(-R$20*CX$1) -> 0.12098374 | CY6: =R$18*EXP(-R$20*CY$1) -> 0.11763701 | CZ6: =R$18*EXP(-R$20*CZ$1) -> 0.11438286 | DA6: =R$18*EXP(-R$20*DA$1) -> 0.11121872 | DB6: =R$18*EXP(-R$20*DB$1) -> 0.10814212 | DC6: =R$18*EXP(-R$20*DC$1) -> 0.10515062 | DD6: =R$18*EXP(-R$20*DD$1) -> 0.10224188 | DE6: =R$18*EXP(-R$20*DE$1) -> 0.099413597 | DF6: =R$18*EXP(-R$20*DF$1) -> 0.096663554 | DG6: =R$18*EXP(-R$20*DG$1) -> 0.093989585 | DH6: =R$18*EXP(-R$20*DH$1) -> 0.091389584 | DI6: =R$18*EXP(-R$20*DI$1) -> 0.088861506 | DJ6: =R$18*EXP(-R$20*DJ$1) -> 0.086403362 | DK6: =R$18*EXP(-R$20*DK$1) -> 0.084013216 | DL6: =R$18*EXP(-R$20*DL$1) -> 0.081689188 | DM6: =R$18*EXP(-R$20*DM$1) -> 0.079429449 | DN6: =R$18*EXP(-R$20*DN$1) -> 0.07723222 | DO6: =R$18*EXP(-R$20*DO$1) -> 0.075095773 | DP6: =R$18*EXP(-R$20*DP$1) -> 0.073018425 | DQ6: =R$18*EXP(-R$20*DQ$1) -> 0.070998542 | DR6: =R$18*EXP(-R$20*DR$1) -> 0.069034534 | DS6: =R$18*EXP(-R$20*DS$1) -> 0.067124856 | DT6: =R$18*EXP(-R$20*DT$1) -> 0.065268005 | DU6: =R$18*EXP(-R$20*DU$1) -> 0.06346252 | DV6: =R$18*EXP(-R$20*DV$1) -> 0.061706978 | DW6: =R$18*EXP(-R$20*DW$1) -> 0.06 | DX6: =R$18*EXP(-R$20*DX$1) -> 0.058340241 | DY6: =R$18*EXP(-R$20*DY$1) -> 0.056726396 | DZ6: =R$18*EXP(-R$20*DZ$1) -> 0.055157194 | EA6: =R$18*EXP(-R$20*EA$1) -> 0.0536314 | EB6: =R$18*EXP(-R$20*EB$1) -> 0.052147813 | EC6: =R$18*EXP(-R$20*EC$1) -> 0.050705267 | ED6: =R$18*EXP(-R$20*ED$1) -> 0.049302625 | EE6: =R$18*EXP(-R$20*EE$1) -> 0.047938784 | EF6: =R$18*EXP(-R$20*EF$1) -> 0.04661267 | EG6: =R$18*EXP(-R$20*EG$1) -> 0.04532324 | EH6: =R$18*EXP(-R$20*EH$1) -> 0.044069479 | EI6: =R$18*EXP(-R$20*EI$1) -> 0.042850401 | EJ6: =R$18*EXP(-R$20*EJ$1) -> 0.041665046 | EK6: =R$18*EXP(-R$20*EK$1) -> 0.04051248 | EL6: =R$18*EXP(-R$20*EL$1) -> 0.039391798 | EM6: =R$18*EXP(-R$20*EM$1) -> 0.038302116 | EN6: =R$18*EXP(-R$20*EN$1) -> 0.037242578 | EO6: =R$18*EXP(-R$20*EO$1) -> 0.03621235 | EP6: =R$18*EXP(-R$20*EP$1) -> 0.035210621 | EQ6: =R$18*EXP(-R$20*EQ$1) -> 0.034236602 | ER6: =R$18*EXP(-R$20*ER$1) -> 0.033289527 | ES6: =R$18*EXP(-R$20*ES$1) -> 0.03236865 | ET6: =R$18*EXP(-R$20*ET$1) -> 0.031473248 | EU6: =R$18*EXP(-R$20*EU$1) -> 0.030602614 | EV6: =R$18*EXP(-R$20*EV$1) -> 0.029756065 | EW6: =R$18*EXP(-R$20*EW$1) -> 0.028932934 | EX6: =R$18*EXP(-R$20*EX$1) -> 0.028132572 | EY6: =R$18*EXP(-R$20*EY$1) -> 0.027354351 | EZ6: =R$18*EXP(-R$20*EZ$1) -> 0.026597657 | FA6: =R$18*EXP(-R$20*FA$1) -> 0.025861895 | FB6: =R$18*EXP(-R$20*FB$1) -> 0.025146487 | FC6: =R$18*EXP(-R$20*FC$1) -> 0.024450869 | FD6: =R$18*EXP(-R$20*FD$1) -> 0.023774493 | FE6: =R$18*EXP(-R$20*FE$1) -> 0.023116827 | FF6: =R$18*EXP(-R$20*FF$1) -> 0.022477355 | FG6: =R$18*EXP(-R$20*FG$1) -> 0.021855572 | FH6: =R$18*EXP(-R$20*FH$1) -> 0.021250989 | FI6: =R$18*EXP(-R$20*FI$1) -> 0.02066313 | FJ6: =R$18*EXP(-R$20*FJ$1) -> 0.020091533 | FK6: =R$18*EXP(-R$20*FK$1) -> 0.019535748 | FL6: =R$18*EXP(-R$20*FL$1) -> 0.018995338 | FM6: =R$18*EXP(-R$20*FM$1) -> 0.018469877 | FN6: =R$18*EXP(-R$20*FN$1) -> 0.017958951 | FO6: =R$18*EXP(-R$20*FO$1) -> 0.017462159 | FP6: =R$18*EXP(-R$20*FP$1) -> 0.016979109 | FQ6: =R$18*EXP(-R$20*FQ$1) -> 0.016509422 | FR6: =R$18*EXP(-R$20*FR$1) -> 0.016052728 | FS6: =R$18*EXP(-R$20*FS$1) -> 0.015608667 | FT6: =R$18*EXP(-R$20*FT$1) -> 0.01517689 | FU6: =R$18*EXP(-R$20*FU$1) -> 0.014757057 | FV6: =R$18*EXP(-R$20*FV$1) -> 0.014348838 | FW6: =R$18*EXP(-R$20*FW$1) -> 0.013951911 | FX6: =R$18*EXP(-R$20*FX$1) -> 0.013565964 | FY6: =R$18*EXP(-R$20*FY$1) -> 0.013190694 | FZ6: =R$18*EXP(-R$20*FZ$1) -> 0.012825804 | GA6: =R$18*EXP(-R$20*GA$1) -> 0.012471008 | GB6: =R$18*EXP(-R$20*GB$1) -> 0.012126027 | GC6: =R$18*EXP(-R$20*GC$1) -> 0.011790589 | GD6: =R$18*EXP(-R$20*GD$1) -> 0.01146443 | GE6: =R$18*EXP(-R$20*GE$1) -> 0.011147294 | GF6: =R$18*EXP(-R$20*GF$1) -> 0.01083893 | GG6: =R$18*EXP(-R$20*GG$1) -> 0.010539097 | GH6: =R$18*EXP(-R$20*GH$1) -> 0.010247557 | GI6: =R$18*EXP(-R$20*GI$1) -> 0.0099640829 | GJ6: =R$18*EXP(-R$20*GJ$1) -> 0.00968845 | GK6: =R$18*EXP(-R$20*GK$1) -> 0.0094204418 | GL6: =R$18*EXP(-R$20*GL$1) -> 0.0091598475 | GM6: =R$18*EXP(-R$20*GM$1) -> 0.0089064619 | GN6: =R$18*EXP(-R$20*GN$1) -> 0.0086600856 | GO6: =R$18*EXP(-R$20*GO$1) -> 0.0084205247 | GP6: =R$18*EXP(-R$20*GP$1) -> 0.0081875907 | GQ6: =R$18*EXP(-R$20*GQ$1) -> 0.0079611003 | GR6: =R$18*EXP(-R$20*GR$1) -> 0.0077408752 | GS6: =R$18*EXP(-R$20*GS$1) -> 0.0075267421 | GT6: =R$18*EXP(-R$20*GT$1) -> 0.0073185325 | GU6: =R$18*EXP(-R$20*GU$1) -> 0.0071160825 | GV6: =R$18*EXP(-R$20*GV$1) -> 0.0069192328 | GW6: =R$18*EXP(-R$20*GW$1) -> 0.0067278285 | GX6: =R$18*EXP(-R$20*GX$1) -> 0.006541719 | GY6: =R$18*EXP(-R$20*GY$1) -> 0.0063607577 | GZ6: =R$18*EXP(-R$20*GZ$1) -> 0.0061848023 | HA6: =R$18*EXP(-R$20*HA$1) -> 0.0060137143 | HB6: =R$18*EXP(-R$20*HB$1) -> 0.0058473591 | HC6: =R$18*EXP(-R$20*HC$1) -> 0.0056856056 | HD6: =R$18*EXP(-R$20*HD$1) -> 0.0055283267 | HE6: =R$18*EXP(-R$20*HE$1) -> 0.0053753986 | HF6: =R$18*EXP(-R$20*HF$1) -> 0.0052267008 | HG6: =R$18*EXP(-R$20*HG$1) -> 0.0050821165 | HH6: =R$18*EXP(-R$20*HH$1) -> 0.0049415317 | HI6: =R$18*EXP(-R$20*HI$1) -> 0.0048048358 | HJ6: =R$18*EXP(-R$20*HJ$1) -> 0.0046719214 | HK6: =R$18*EXP(-R$20*HK$1) -> 0.0045426837 | HL6: =R$18*EXP(-R$20*HL$1) -> 0.004417021 | HM6: =R$18*EXP(-R$20*HM$1) -> 0.0042948345 | HN6: =R$18*EXP(-R$20*HN$1) -> 0.004176028 | HO6: =R$18*EXP(-R$20*HO$1) -> 0.004060508 | HP6: =R$18*EXP(-R$20*HP$1) -> 0.0039481836 | HQ6: =R$18*EXP(-R$20*HQ$1) -> 0.0038389664 | HR6: =R$18*EXP(-R$20*HR$1) -> 0.0037327705 | HS6: =R$18*EXP(-R$20*HS$1) -> 0.0036295121 | HT6: =R$18*EXP(-R$20*HT$1) -> 0.0035291102 | HU6: =R$18*EXP(-R$20*HU$1) -> 0.0034314857 | HV6: =R$18*EXP(-R$20*HV$1) -> 0.0033365617 | HW6: =R$18*EXP(-R$20*HW$1) -> 0.0032442636 | HX6: =R$18*EXP(-R$20*HX$1) -> 0.0031545187 | HY6: =R$18*EXP(-R$20*HY$1) -> 0.0030672564 | HZ6: =R$18*EXP(-R$20*HZ$1) -> 0.0029824079 | IA6: =R$18*EXP(-R$20*IA$1) -> 0.0028999066 | IB6: =R$18*EXP(-R$20*IB$1) -> 0.0028196875 | IC6: =R$18*EXP(-R$20*IC$1) -> 0.0027416875 | ID6: =R$18*EXP(-R$20*ID$1) -> 0.0026658452 | IE6: =R$18*EXP(-R$20*IE$1) -> 0.0025921009 | IF6: =R$18*EXP(-R$20*IF$1) -> 0.0025203965 | IG6: =R$18*EXP(-R$20*IG$1) -> 0.0024506756 | IH6: =R$18*EXP(-R$20*IH$1) -> 0.0023828835 | II6: =R$18*EXP(-R$20*II$1) -> 0.0023169666 | IJ6: =R$18*EXP(-R$20*IJ$1) -> 0.0022528732 | IK6: =R$18*EXP(-R$20*IK$1) -> 0.0021905527 | IL6: =R$18*EXP(-R$20*IL$1) -> 0.0021299563 | IM6: =R$18*EXP(-R$20*IM$1) -> 0.002071036 | IN6: =R$18*EXP(-R$20*IN$1) -> 0.0020137457 | IO6: =R$18*EXP(-R$20*IO$1) -> 0.0019580402 | IP6: =R$18*EXP(-R$20*IP$1) -> 0.0019038756 | IQ6: =R$18*EXP(-R$20*IQ$1) -> 0.0018512093 | IR6: =R$18*EXP(-R$20*IR$1) -> 0.0018 | IS6: =R$18*EXP(-R$20*IS$1) -> 0.0017502072 | IT6: =R$18*EXP(-R$20*IT$1) -> 0.0017017919 | IU6: =R$18*EXP(-R$20*IU$1) -> 0.0016547158 | IV6: =R$18*EXP(-R$20*IV$1) -> 0.001608942 | IW6: =R$18*EXP(-R$20*IW$1) -> 0.0015644344 | IX6: =R$18*EXP(-R$20*IX$1) -> 0.001521158 | IY6: =R$18*EXP(-R$20*IY$1) -> 0.0014790787 | IZ6: =R$18*EXP(-R$20*IZ$1) -> 0.0014381635 | JA6: =R$18*EXP(-R$20*JA$1) -> 0.0013983801 | JB6: =R$18*EXP(-R$20*JB$1) -> 0.0013596972 | JC6: =R$18*EXP(-R$20*JC$1) -> 0.0013220844 | JD6: =R$18*EXP(-R$20*JD$1) -> 0.001285512 | JE6: =R$18*EXP(-R$20*JE$1) -> 0.0012499514 | JF6: =R$18*EXP(-R$20*JF$1) -> 0.0012153744 | JG6: =R$18*EXP(-R$20*JG$1) -> 0.0011817539 | JH6: =R$18*EXP(-R$20*JH$1) -> 0.0011490635 | JI6: =R$18*EXP(-R$20*JI$1) -> 0.0011172774 | JJ6: =R$18*EXP(-R$20*JJ$1) -> 0.0010863705 | JK6: =R$18*EXP(-R$20*JK$1) -> 0.0010563186 | JL6: =R$18*EXP(-R$20*JL$1) -> 0.0010270981 | JM6: =R$18*EXP(-R$20*JM$1) -> 0.0009986858 | JN6: =R$18*EXP(-R$20*JN$1) -> 0.00097105951 | JO6: =R$18*EXP(-R$20*JO$1) -> 0.00094419743 | JP6: =R$18*EXP(-R$20*JP$1) -> 0.00091807843 | JQ6: =R$18*EXP(-R$20*JQ$1) -> 0.00089268196 | JR6: =R$18*EXP(-R$20*JR$1) -> 0.00086798801 | JS6: =R$18*EXP(-R$20*JS$1) -> 0.00084397716 | JT6: =R$18*EXP(-R$20*JT$1) -> 0.00082063052 | JU6: =R$18*EXP(-R$20*JU$1) -> 0.00079792971 | JV6: =R$18*EXP(-R$20*JV$1) -> 0.00077585686 | JW6: =R$18*EXP(-R$20*JW$1) -> 0.00075439461 | JX6: =R$18*EXP(-R$20*JX$1) -> 0.00073352606 | JY6: =R$18*EXP(-R$20*JY$1) -> 0.00071323479 | JZ6: =R$18*EXP(-R$20*JZ$1) -> 0.00069350482 | KA6: =R$18*EXP(-R$20*KA$1) -> 0.00067432065 | KB6: =R$18*EXP(-R$20*KB$1) -> 0.00065566715 | KC6: =R$18*EXP(-R$20*KC$1) -> 0.00063752966
A7: Condition(t_0) | B7: =S$18*EXP(-S$20*B$1) -> 1 | C7: =S$18*EXP(-S$20*C$1) -> 0.97233735 | D7: =S$18*EXP(-S$20*D$1) -> 0.94543993 | E7: =S$18*EXP(-S$20*E$1) -> 0.91928656 | F7: =S$18*EXP(-S$20*F$1) -> 0.89385666 | G7: =S$18*EXP(-S$20*G$1) -> 0.86913022 | H7: =S$18*EXP(-S$20*H$1) -> 0.84508778 | I7: =S$18*EXP(-S$20*I$1) -> 0.82171041 | J7: =S$18*EXP(-S$20*J$1) -> 0.79897973 | K7: =S$18*EXP(-S$20*K$1) -> 0.77687783 | L7: =S$18*EXP(-S$20*L$1) -> 0.75538734 | M7: =S$18*EXP(-S$20*M$1) -> 0.73449132 | N7: =S$18*EXP(-S$20*N$1) -> 0.71417335 | O7: =S$18*EXP(-S$20*O$1) -> 0.69441743 | P7: =S$18*EXP(-S$20*P$1) -> 0.675208 | Q7: =S$18*EXP(-S$20*Q$1) -> 0.65652996 | R7: =S$18*EXP(-S$20*R$1) -> 0.63836861 | S7: =S$18*EXP(-S$20*S$1) -> 0.62070964 | T7: =S$18*EXP(-S$20*T$1) -> 0.60353917 | U7: =S$18*EXP(-S$20*U$1) -> 0.58684368 | V7: =S$18*EXP(-S$20*V$1) -> 0.57061003 | W7: =S$18*EXP(-S$20*W$1) -> 0.55482545 | X7: =S$18*EXP(-S$20*X$1) -> 0.53947751 | Y7: =S$18*EXP(-S$20*Y$1) -> 0.52455413 | Z7: =S$18*EXP(-S$20*Z$1) -> 0.51004357 | AA7: =S$18*EXP(-S$20*AA$1) -> 0.49593442 | AB7: =S$18*EXP(-S$20*AB$1) -> 0.48221556 | AC7: =S$18*EXP(-S$20*AC$1) -> 0.4688762 | AD7: =S$18*EXP(-S$20*AD$1) -> 0.45590585 | AE7: =S$18*EXP(-S$20*AE$1) -> 0.44329428 | AF7: =S$18*EXP(-S$20*AF$1) -> 0.43103159 | AG7: =S$18*EXP(-S$20*AG$1) -> 0.41910812 | AH7: =S$18*EXP(-S$20*AH$1) -> 0.40751448 | AI7: =S$18*EXP(-S$20*AI$1) -> 0.39624155 | AJ7: =S$18*EXP(-S$20*AJ$1) -> 0.38528046 | AK7: =S$18*EXP(-S$20*AK$1) -> 0.37462258 | AL7: =S$18*EXP(-S$20*AL$1) -> 0.36425953 | AM7: =S$18*EXP(-S$20*AM$1) -> 0.35418315 | AN7: =S$18*EXP(-S$20*AN$1) -> 0.3443855 | AO7: =S$18*EXP(-S$20*AO$1) -> 0.33485889 | AP7: =S$18*EXP(-S$20*AP$1) -> 0.32559581 | AQ7: =S$18*EXP(-S$20*AQ$1) -> 0.31658896 | AR7: =S$18*EXP(-S$20*AR$1) -> 0.30783128 | AS7: =S$18*EXP(-S$20*AS$1) -> 0.29931585 | AT7: =S$18*EXP(-S$20*AT$1) -> 0.29103598 | AU7: =S$18*EXP(-S$20*AU$1) -> 0.28298515 | AV7: =S$18*EXP(-S$20*AV$1) -> 0.27515704 | AW7: =S$18*EXP(-S$20*AW$1) -> 0.26754546 | AX7: =S$18*EXP(-S$20*AX$1) -> 0.26014445 | AY7: =S$18*EXP(-S$20*AY$1) -> 0.25294816 | AZ7: =S$18*EXP(-S$20*AZ$1) -> 0.24595095 | BA7: =S$18*EXP(-S$20*BA$1) -> 0.23914729 | BB7: =S$18*EXP(-S$20*BB$1) -> 0.23253185 | BC7: =S$18*EXP(-S$20*BC$1) -> 0.2260994 | BD7: =S$18*EXP(-S$20*BD$1) -> 0.21984489 | BE7: =S$18*EXP(-S$20*BE$1) -> 0.2137634 | BF7: =S$18*EXP(-S$20*BF$1) -> 0.20785014 | BG7: =S$18*EXP(-S$20*BG$1) -> 0.20210046 | BH7: =S$18*EXP(-S$20*BH$1) -> 0.19650982 | BI7: =S$18*EXP(-S$20*BI$1) -> 0.19107384 | BJ7: =S$18*EXP(-S$20*BJ$1) -> 0.18578823 | BK7: =S$18*EXP(-S$20*BK$1) -> 0.18064884 | BL7: =S$18*EXP(-S$20*BL$1) -> 0.17565161 | BM7: =S$18*EXP(-S$20*BM$1) -> 0.17079262 | BN7: =S$18*EXP(-S$20*BN$1) -> 0.16606805 | BO7: =S$18*EXP(-S$20*BO$1) -> 0.16147417 | BP7: =S$18*EXP(-S$20*BP$1) -> 0.15700736 | BQ7: =S$18*EXP(-S$20*BQ$1) -> 0.15266412 | BR7: =S$18*EXP(-S$20*BR$1) -> 0.14844103 | BS7: =S$18*EXP(-S$20*BS$1) -> 0.14433476 | BT7: =S$18*EXP(-S$20*BT$1) -> 0.14034208 | BU7: =S$18*EXP(-S$20*BU$1) -> 0.13645984 | BV7: =S$18*EXP(-S$20*BV$1) -> 0.132685 | BW7: =S$18*EXP(-S$20*BW$1) -> 0.12901459 | BX7: =S$18*EXP(-S$20*BX$1) -> 0.1254457 | BY7: =S$18*EXP(-S$20*BY$1) -> 0.12197554 | BZ7: =S$18*EXP(-S$20*BZ$1) -> 0.11860137 | CA7: =S$18*EXP(-S$20*CA$1) -> 0.11532055 | CB7: =S$18*EXP(-S$20*CB$1) -> 0.11213048 | CC7: =S$18*EXP(-S$20*CC$1) -> 0.10902865 | CD7: =S$18*EXP(-S$20*CD$1) -> 0.10601263 | CE7: =S$18*EXP(-S$20*CE$1) -> 0.10308004 | CF7: =S$18*EXP(-S$20*CF$1) -> 0.10022857 | CG7: =S$18*EXP(-S$20*CG$1) -> 0.097455985 | CH7: =S$18*EXP(-S$20*CH$1) -> 0.094760094 | CI7: =S$18*EXP(-S$20*CI$1) -> 0.092138779 | CJ7: =S$18*EXP(-S$20*CJ$1) -> 0.089589977 | CK7: =S$18*EXP(-S$20*CK$1) -> 0.087111681 | CL7: =S$18*EXP(-S$20*CL$1) -> 0.084701941 | CM7: =S$18*EXP(-S$20*CM$1) -> 0.082358861 | CN7: =S$18*EXP(-S$20*CN$1) -> 0.080080597 | CO7: =S$18*EXP(-S$20*CO$1) -> 0.077865356 | CP7: =S$18*EXP(-S$20*CP$1) -> 0.075711394 | CQ7: =S$18*EXP(-S$20*CQ$1) -> 0.073617017 | CR7: =S$18*EXP(-S$20*CR$1) -> 0.071580575 | CS7: =S$18*EXP(-S$20*CS$1) -> 0.069600467 | CT7: =S$18*EXP(-S$20*CT$1) -> 0.067675134 | CU7: =S$18*EXP(-S$20*CU$1) -> 0.065803061 | CV7: =S$18*EXP(-S$20*CV$1) -> 0.063982774 | CW7: =S$18*EXP(-S$20*CW$1) -> 0.062212841 | CX7: =S$18*EXP(-S$20*CX$1) -> 0.060491869 | CY7: =S$18*EXP(-S$20*CY$1) -> 0.058818504 | CZ7: =S$18*EXP(-S$20*CZ$1) -> 0.057191428 | DA7: =S$18*EXP(-S$20*DA$1) -> 0.055609362 | DB7: =S$18*EXP(-S$20*DB$1) -> 0.05407106 | DC7: =S$18*EXP(-S$20*DC$1) -> 0.052575311 | DD7: =S$18*EXP(-S$20*DD$1) -> 0.051120939 | DE7: =S$18*EXP(-S$20*DE$1) -> 0.049706799 | DF7: =S$18*EXP(-S$20*DF$1) -> 0.048331777 | DG7: =S$18*EXP(-S$20*DG$1) -> 0.046994792 | DH7: =S$18*EXP(-S$20*DH$1) -> 0.045694792 | DI7: =S$18*EXP(-S$20*DI$1) -> 0.044430753 | DJ7: =S$18*EXP(-S$20*DJ$1) -> 0.043201681 | DK7: =S$18*EXP(-S$20*DK$1) -> 0.042006608 | DL7: =S$18*EXP(-S$20*DL$1) -> 0.040844594 | DM7: =S$18*EXP(-S$20*DM$1) -> 0.039714725 | DN7: =S$18*EXP(-S$20*DN$1) -> 0.03861611 | DO7: =S$18*EXP(-S$20*DO$1) -> 0.037547886 | DP7: =S$18*EXP(-S$20*DP$1) -> 0.036509212 | DQ7: =S$18*EXP(-S$20*DQ$1) -> 0.035499271 | DR7: =S$18*EXP(-S$20*DR$1) -> 0.034517267 | DS7: =S$18*EXP(-S$20*DS$1) -> 0.033562428 | DT7: =S$18*EXP(-S$20*DT$1) -> 0.032634003 | DU7: =S$18*EXP(-S$20*DU$1) -> 0.03173126 | DV7: =S$18*EXP(-S$20*DV$1) -> 0.030853489 | DW7: =S$18*EXP(-S$20*DW$1) -> 0.03 | DX7: =S$18*EXP(-S$20*DX$1) -> 0.029170121 | DY7: =S$18*EXP(-S$20*DY$1) -> 0.028363198 | DZ7: =S$18*EXP(-S$20*DZ$1) -> 0.027578597 | EA7: =S$18*EXP(-S$20*EA$1) -> 0.0268157 | EB7: =S$18*EXP(-S$20*EB$1) -> 0.026073907 | EC7: =S$18*EXP(-S$20*EC$1) -> 0.025352633 | ED7: =S$18*EXP(-S$20*ED$1) -> 0.024651312 | EE7: =S$18*EXP(-S$20*EE$1) -> 0.023969392 | EF7: =S$18*EXP(-S$20*EF$1) -> 0.023306335 | EG7: =S$18*EXP(-S$20*EG$1) -> 0.02266162 | EH7: =S$18*EXP(-S$20*EH$1) -> 0.02203474 | EI7: =S$18*EXP(-S$20*EI$1) -> 0.021425201 | EJ7: =S$18*EXP(-S$20*EJ$1) -> 0.020832523 | EK7: =S$18*EXP(-S$20*EK$1) -> 0.02025624 | EL7: =S$18*EXP(-S$20*EL$1) -> 0.019695899 | EM7: =S$18*EXP(-S$20*EM$1) -> 0.019151058 | EN7: =S$18*EXP(-S$20*EN$1) -> 0.018621289 | EO7: =S$18*EXP(-S$20*EO$1) -> 0.018106175 | EP7: =S$18*EXP(-S$20*EP$1) -> 0.01760531 | EQ7: =S$18*EXP(-S$20*EQ$1) -> 0.017118301 | ER7: =S$18*EXP(-S$20*ER$1) -> 0.016644763 | ES7: =S$18*EXP(-S$20*ES$1) -> 0.016184325 | ET7: =S$18*EXP(-S$20*ET$1) -> 0.015736624 | EU7: =S$18*EXP(-S$20*EU$1) -> 0.015301307 | EV7: =S$18*EXP(-S$20*EV$1) -> 0.014878033 | EW7: =S$18*EXP(-S$20*EW$1) -> 0.014466467 | EX7: =S$18*EXP(-S$20*EX$1) -> 0.014066286 | EY7: =S$18*EXP(-S$20*EY$1) -> 0.013677175 | EZ7: =S$18*EXP(-S$20*EZ$1) -> 0.013298829 | FA7: =S$18*EXP(-S$20*FA$1) -> 0.012930948 | FB7: =S$18*EXP(-S$20*FB$1) -> 0.012573243 | FC7: =S$18*EXP(-S$20*FC$1) -> 0.012225434 | FD7: =S$18*EXP(-S$20*FD$1) -> 0.011887246 | FE7: =S$18*EXP(-S$20*FE$1) -> 0.011558414 | FF7: =S$18*EXP(-S$20*FF$1) -> 0.011238677 | FG7: =S$18*EXP(-S$20*FG$1) -> 0.010927786 | FH7: =S$18*EXP(-S$20*FH$1) -> 0.010625494 | FI7: =S$18*EXP(-S$20*FI$1) -> 0.010331565 | FJ7: =S$18*EXP(-S$20*FJ$1) -> 0.010045767 | FK7: =S$18*EXP(-S$20*FK$1) -> 0.0097678742 | FL7: =S$18*EXP(-S$20*FL$1) -> 0.0094976689 | FM7: =S$18*EXP(-S$20*FM$1) -> 0.0092349383 | FN7: =S$18*EXP(-S$20*FN$1) -> 0.0089794754 | FO7: =S$18*EXP(-S$20*FO$1) -> 0.0087310794 | FP7: =S$18*EXP(-S$20*FP$1) -> 0.0084895546 | FQ7: =S$18*EXP(-S$20*FQ$1) -> 0.0082547111 | FR7: =S$18*EXP(-S$20*FR$1) -> 0.0080263639 | FS7: =S$18*EXP(-S$20*FS$1) -> 0.0078043334 | FT7: =S$18*EXP(-S$20*FT$1) -> 0.0075884449 | FU7: =S$18*EXP(-S$20*FU$1) -> 0.0073785285 | FV7: =S$18*EXP(-S$20*FV$1) -> 0.0071744188 | FW7: =S$18*EXP(-S$20*FW$1) -> 0.0069759554 | FX7: =S$18*EXP(-S$20*FX$1) -> 0.006782982 | FY7: =S$18*EXP(-S$20*FY$1) -> 0.0065953468 | FZ7: =S$18*EXP(-S$20*FZ$1) -> 0.0064129021 | GA7: =S$18*EXP(-S$20*GA$1) -> 0.0062355042 | GB7: =S$18*EXP(-S$20*GB$1) -> 0.0060630137 | GC7: =S$18*EXP(-S$20*GC$1) -> 0.0058952947 | GD7: =S$18*EXP(-S$20*GD$1) -> 0.0057322152 | GE7: =S$18*EXP(-S$20*GE$1) -> 0.005573647 | GF7: =S$18*EXP(-S$20*GF$1) -> 0.0054194651 | GG7: =S$18*EXP(-S$20*GG$1) -> 0.0052695484 | GH7: =S$18*EXP(-S$20*GH$1) -> 0.0051237787 | GI7: =S$18*EXP(-S$20*GI$1) -> 0.0049820415 | GJ7: =S$18*EXP(-S$20*GJ$1) -> 0.004844225 | GK7: =S$18*EXP(-S$20*GK$1) -> 0.0047102209 | GL7: =S$18*EXP(-S$20*GL$1) -> 0.0045799237 | GM7: =S$18*EXP(-S$20*GM$1) -> 0.0044532309 | GN7: =S$18*EXP(-S$20*GN$1) -> 0.0043300428 | GO7: =S$18*EXP(-S$20*GO$1) -> 0.0042102623 | GP7: =S$18*EXP(-S$20*GP$1) -> 0.0040937953 | GQ7: =S$18*EXP(-S$20*GQ$1) -> 0.0039805501 | GR7: =S$18*EXP(-S$20*GR$1) -> 0.0038704376 | GS7: =S$18*EXP(-S$20*GS$1) -> 0.003763371 | GT7: =S$18*EXP(-S$20*GT$1) -> 0.0036592662 | GU7: =S$18*EXP(-S$20*GU$1) -> 0.0035580412 | GV7: =S$18*EXP(-S$20*GV$1) -> 0.0034596164 | GW7: =S$18*EXP(-S$20*GW$1) -> 0.0033639143 | GX7: =S$18*EXP(-S$20*GX$1) -> 0.0032708595 | GY7: =S$18*EXP(-S$20*GY$1) -> 0.0031803789 | GZ7: =S$18*EXP(-S$20*GZ$1) -> 0.0030924012 | HA7: =S$18*EXP(-S$20*HA$1) -> 0.0030068572 | HB7: =S$18*EXP(-S$20*HB$1) -> 0.0029236795 | HC7: =S$18*EXP(-S$20*HC$1) -> 0.0028428028 | HD7: =S$18*EXP(-S$20*HD$1) -> 0.0027641634 | HE7: =S$18*EXP(-S$20*HE$1) -> 0.0026876993 | HF7: =S$18*EXP(-S$20*HF$1) -> 0.0026133504 | HG7: =S$18*EXP(-S$20*HG$1) -> 0.0025410582 | HH7: =S$18*EXP(-S$20*HH$1) -> 0.0024707658 | HI7: =S$18*EXP(-S$20*HI$1) -> 0.0024024179 | HJ7: =S$18*EXP(-S$20*HJ$1) -> 0.0023359607 | HK7: =S$18*EXP(-S$20*HK$1) -> 0.0022713418 | HL7: =S$18*EXP(-S$20*HL$1) -> 0.0022085105 | HM7: =S$18*EXP(-S$20*HM$1) -> 0.0021474173 | HN7: =S$18*EXP(-S$20*HN$1) -> 0.002088014 | HO7: =S$18*EXP(-S$20*HO$1) -> 0.002030254 | HP7: =S$18*EXP(-S$20*HP$1) -> 0.0019740918 | HQ7: =S$18*EXP(-S$20*HQ$1) -> 0.0019194832 | HR7: =S$18*EXP(-S$20*HR$1) -> 0.0018663852 | HS7: =S$18*EXP(-S$20*HS$1) -> 0.0018147561 | HT7: =S$18*EXP(-S$20*HT$1) -> 0.0017645551 | HU7: =S$18*EXP(-S$20*HU$1) -> 0.0017157429 | HV7: =S$18*EXP(-S$20*HV$1) -> 0.0016682809 | HW7: =S$18*EXP(-S$20*HW$1) -> 0.0016221318 | HX7: =S$18*EXP(-S$20*HX$1) -> 0.0015772593 | HY7: =S$18*EXP(-S$20*HY$1) -> 0.0015336282 | HZ7: =S$18*EXP(-S$20*HZ$1) -> 0.001491204 | IA7: =S$18*EXP(-S$20*IA$1) -> 0.0014499533 | IB7: =S$18*EXP(-S$20*IB$1) -> 0.0014098438 | IC7: =S$18*EXP(-S$20*IC$1) -> 0.0013708438 | ID7: =S$18*EXP(-S$20*ID$1) -> 0.0013329226 | IE7: =S$18*EXP(-S$20*IE$1) -> 0.0012960504 | IF7: =S$18*EXP(-S$20*IF$1) -> 0.0012601982 | IG7: =S$18*EXP(-S$20*IG$1) -> 0.0012253378 | IH7: =S$18*EXP(-S$20*IH$1) -> 0.0011914417 | II7: =S$18*EXP(-S$20*II$1) -> 0.0011584833 | IJ7: =S$18*EXP(-S$20*IJ$1) -> 0.0011264366 | IK7: =S$18*EXP(-S$20*IK$1) -> 0.0010952764 | IL7: =S$18*EXP(-S$20*IL$1) -> 0.0010649781 | IM7: =S$18*EXP(-S$20*IM$1) -> 0.001035518 | IN7: =S$18*EXP(-S$20*IN$1) -> 0.0010068728 | IO7: =S$18*EXP(-S$20*IO$1) -> 0.00097902008 | IP7: =S$18*EXP(-S$20*IP$1) -> 0.00095193779 | IQ7: =S$18*EXP(-S$20*IQ$1) -> 0.00092560467 | IR7: =S$18*EXP(-S$20*IR$1) -> 0.0009 | IS7: =S$18*EXP(-S$20*IS$1) -> 0.00087510362 | IT7: =S$18*EXP(-S$20*IT$1) -> 0.00085089594 | IU7: =S$18*EXP(-S$20*IU$1) -> 0.0008273579 | IV7: =S$18*EXP(-S$20*IV$1) -> 0.00080447099 | IW7: =S$18*EXP(-S$20*IW$1) -> 0.0007822172 | IX7: =S$18*EXP(-S$20*IX$1) -> 0.000760579 | IY7: =S$18*EXP(-S$20*IY$1) -> 0.00073953937 | IZ7: =S$18*EXP(-S$20*IZ$1) -> 0.00071908176 | JA7: =S$18*EXP(-S$20*JA$1) -> 0.00069919005 | JB7: =S$18*EXP(-S$20*JB$1) -> 0.0006798486 | JC7: =S$18*EXP(-S$20*JC$1) -> 0.00066104219 | JD7: =S$18*EXP(-S$20*JD$1) -> 0.00064275602 | JE7: =S$18*EXP(-S$20*JE$1) -> 0.00062497568 | JF7: =S$18*EXP(-S$20*JF$1) -> 0.0006076872 | JG7: =S$18*EXP(-S$20*JG$1) -> 0.00059087697 | JH7: =S$18*EXP(-S$20*JH$1) -> 0.00057453174 | JI7: =S$18*EXP(-S$20*JI$1) -> 0.00055863868 | JJ7: =S$18*EXP(-S$20*JJ$1) -> 0.00054318525 | JK7: =S$18*EXP(-S$20*JK$1) -> 0.00052815931 | JL7: =S$18*EXP(-S$20*JL$1) -> 0.00051354903 | JM7: =S$18*EXP(-S$20*JM$1) -> 0.0004993429 | JN7: =S$18*EXP(-S$20*JN$1) -> 0.00048552976 | JO7: =S$18*EXP(-S$20*JO$1) -> 0.00047209872 | JP7: =S$18*EXP(-S$20*JP$1) -> 0.00045903922 | JQ7: =S$18*EXP(-S$20*JQ$1) -> 0.00044634098 | JR7: =S$18*EXP(-S$20*JR$1) -> 0.00043399401 | JS7: =S$18*EXP(-S$20*JS$1) -> 0.00042198858 | JT7: =S$18*EXP(-S$20*JT$1) -> 0.00041031526 | JU7: =S$18*EXP(-S$20*JU$1) -> 0.00039896486 | JV7: =S$18*EXP(-S$20*JV$1) -> 0.00038792843 | JW7: =S$18*EXP(-S$20*JW$1) -> 0.0003771973 | JX7: =S$18*EXP(-S$20*JX$1) -> 0.00036676303 | JY7: =S$18*EXP(-S$20*JY$1) -> 0.00035661739 | JZ7: =S$18*EXP(-S$20*JZ$1) -> 0.00034675241 | KA7: =S$18*EXP(-S$20*KA$1) -> 0.00033716032 | KB7: =S$18*EXP(-S$20*KB$1) -> 0.00032783358 | KC7: =S$18*EXP(-S$20*KC$1) -> 0.00031876483
A8: 6 | B8: 0 | C8: =B2-C2 -> 0.16597588 | D8: =C2-D2 -> 0.16138455 | E8: =D2-E2 -> 0.15692022 | F8: =E2-F2 -> 0.15257939 | G8: =F2-G2 -> 0.14835864 | H8: =G2-H2 -> 0.14425465 | I8: =H2-I2 -> 0.14026419 | J8: =I2-J2 -> 0.13638411 | ... KC8: =KB2-KC2 -> 5.4412466e-05
A9: 5 | B9: 0 | C9: =B3-C3 -> 0.13831323 | D9: =C3-D3 -> 0.13448712 | E9: =D3-E3 -> 0.13076685 | F9: =E3-F3 -> 0.1271495 | G9: =F3-G3 -> 0.1236322 | H9: =G3-H3 -> 0.12021221 | I9: =H3-I3 -> 0.11688682 | J9: =I3-J3 -> 0.11365342 | ... KC9: =KB3-KC3 -> 4.5343722e-05
A10: 4 | B10: 0 | C10: =B4-C4 -> 0.11065059 | D10: =C4-D4 -> 0.1075897 | E10: =D4-E4 -> 0.10461348 | F10: =E4-F4 -> 0.1017196 | G10: =F4-G4 -> 0.098905763 | H10: =G4-H4 -> 0.096169768 | I10: =H4-I4 -> 0.093509458 | J10: =I4-J4 -> 0.090922738 | ... KC10: =KB4-KC4 -> 3.6274977e-05
A11: 3 | B11: =0 -> 0 | C11: =B5-C5 -> 0.082987939 | D11: =C5-D5 -> 0.080692273 | E11: =D5-E5 -> 0.078460111 | F11: =E5-F5 -> 0.076289697 | G11: =F5-G5 -> 0.074179322 | H11: =G5-H5 -> 0.072127326 | I11: =H5-I5 -> 0.070132093 | J11: =I5-J5 -> 0.068192054 | ... KC11: =KB5-KC5 -> 2.7206233e-05
A12: 2 | B12: =0 -> 0 | C12: =B6-C6 -> 0.055325293 | D12: =C6-D6 -> 0.053794849 | E12: =D6-E6 -> 0.052306741 | F12: =E6-F6 -> 0.050859798 | G12: =F6-G6 -> 0.049452881 | H12: =G6-H6 -> 0.048084884 | I12: =H6-I6 -> 0.046754729 | J12: =I6-J6 -> 0.045461369 | ... KC12: =KB6-KC6 -> 1.8137489e-05
A13: 1 | B13: 0 | C13: =B7-C7 -> 0.027662646 | D13: =C7-D7 -> 0.026897424 | E13: =D7-E7 -> 0.02615337 | F13: =E7-F7 -> 0.025429899 | G13: =F7-G7 -> 0.024726441 | H13: =G7-H7 -> 0.024042442 | I13: =H7-I7 -> 0.023377364 | J13: =I7-J7 -> 0.022730685 | ... KC13: =KB7-KC7 -> 9.0687443e-06
A14: Condition (Rounded Up) | B14: =ROUNDUP(B2,0) -> 6 | C14: =ROUNDUP(C2,0) -> 6 | D14: =ROUNDUP(D2,0) -> 6 | E14: =ROUNDUP(E2,0) -> 6 | F14: =ROUNDUP(F2,0) -> 6 | G14: =ROUNDUP(G2,0) -> 6 | H14: =ROUNDUP(H2,0) -> 6 | I14: =ROUNDUP(I2,0) -> 5 | ... KC14: =ROUNDUP(KC2,0) -> 1
A15: Condition (Rounded Up) | B15: =ROUNDDOWN(B2,0) -> 6 | C15: =ROUNDDOWN(C2,0) -> 5 | D15: =ROUNDDOWN(D2,0) -> 5 | E15: =ROUNDDOWN(E2,0) -> 5 | F15: =ROUNDDOWN(F2,0) -> 5 | G15: =ROUNDDOWN(G2,0) -> 5 | H15: =ROUNDDOWN(H2,0) -> 5 | I15: =ROUNDDOWN(I2,0) -> 4 | ... KC15: =ROUNDDOWN(KC2,0) -> 0
M17: End State | N17: 0.03
M18: Cr(max) | N18: 6 | O18: 5 | P18: 4 | Q18: 3 | R18: 2 | S18: 1
M19: lifespan | N19: 125 | O19: 125 | P19: 125 | Q19: 125 | R19: 125 | S19: 125
M20: k | N20: =-LN($N$17)/N19 -> 0.028052463 | O20: =-LN($N$17)/O19 -> 0.028052463 | P20: =-LN($N$17)/P19 -> 0.028052463 | Q20: =-LN($N$17)/Q19 -> 0.028052463 | R20: =-LN($N$17)/R19 -> 0.028052463 | S20: =-LN($N$17)/S19 -> 0.028052463

Sheet DecayFns
A1: Year (t) | B1: Condition(t_0) | C1: Condition(t_0) | D1: Condition(t_0) | E1: Condition(t_0) | F1: Condition(t_0) | G1: Condition(t_0) | H1: 6 | I1: 5 | J1: 4 | K1: 3 | L1: 2 | M1: 1 | N1: Condition (Rounded Up) | O1: Condition (Rounded Up)
A2: 0 | B2: =AD$15*EXP(-AD$17*$A2) -> 6 | C2: =AE$15*EXP(-AE$17*$A2) -> 5 | D2: =AF$15*EXP(-AF$17*$A2) -> 4 | E2: =AG$15*EXP(-AG$17*$A2) -> 3 | F2: =AH$15*EXP(-AH$17*$A2) -> 2 | G2: =AI$15*EXP(-AI$17*$A2) -> 1 | H2: 0 | I2: 0 | J2: 0 | K2: =0 -> 0 | L2: =0 -> 0 | M2: 0 | N2: =ROUNDUP(B2,0) -> 6 | O2: =ROUNDDOWN(B2,0) -> 6
A3: =A2+1 -> 1 | B3: =AD$15*EXP(-AD$17*$A3) -> 5.8340241 | C3: =AE$15*EXP(-AE$17*$A3) -> 4.8616868 | D3: =AF$15*EXP(-AF$17*$A3) -> 3.8893494 | E3: =AG$15*EXP(-AG$17*$A3) -> 2.9170121 | F3: =AH$15*EXP(-AH$17*$A3) -> 1.9446747 | G3: =AI$15*EXP(-AI$17*$A3) -> 0.97233735 | H3: =B2-B3 -> 0.16597588 | I3: =C2-C3 -> 0.13831323 | J3: =D2-D3 -> 0.11065059 | K3: =E2-E3 -> 0.082987939 | L3: =F2-F3 -> 0.055325293 | M3: =G2-G3 -> 0.027662646 | N3: =ROUNDUP(B3,0) -> 6 | O3: =ROUNDDOWN(B3,0) -> 5
A4: =A3+1 -> 2 | B4: =AD$15*EXP(-AD$17*$A4) -> 5.6726396 | C4: =AE$15*EXP(-AE$17*$A4) -> 4.7271996 | D4: =AF$15*EXP(-AF$17*$A4) -> 3.7817597 | E4: =AG$15*EXP(-AG$17*$A4) -> 2.8363198 | F4: =AH$15*EXP(-AH$17*$A4) -> 1.8908799 | G4: =AI$15*EXP(-AI$17*$A4) -> 0.94543993 | H4: =B3-B4 -> 0.16138455 | I4: =C3-C4 -> 0.13448712 | J4: =D3-D4 -> 0.1075897 | K4: =E3-E4 -> 0.080692273 | L4: =F3-F4 -> 0.053794849 | M4: =G3-G4 -> 0.026897424 | N4: =ROUNDUP(B4,0) -> 6 | O4: =ROUNDDOWN(B4,0) -> 5
A5: =A4+1 -> 3 | B5: =AD$15*EXP(-AD$17*$A5) -> 5.5157194 | C5: =AE$15*EXP(-AE$17*$A5) -> 4.5964328 | D5: =AF$15*EXP(-AF$17*$A5) -> 3.6771462 | E5: =AG$15*EXP(-AG$17*$A5) -> 2.7578597 | F5: =AH$15*EXP(-AH$17*$A5) -> 1.8385731 | G5: =AI$15*EXP(-AI$17*$A5) -> 0.91928656 | H5: =B4-B5 -> 0.15692022 | I5: =C4-C5 -> 0.13076685 | J5: =D4-D5 -> 0.10461348 | K5: =E4-E5 -> 0.078460111 | L5: =F4-F5 -> 0.052306741 | M5: =G4-G5 -> 0.02615337 | N5: =ROUNDUP(B5,0) -> 6 | O5: =ROUNDDOWN(B5,0) -> 5
A6: =A5+1 -> 4 | B6: =AD$15*EXP(-AD$17*$A6) -> 5.36314 | C6: =AE$15*EXP(-AE$17*$A6) -> 4.4692833 | D6: =AF$15*EXP(-AF$17*$A6) -> 3.5754266 | E6: =AG$15*EXP(-AG$17*$A6) -> 2.68157 | F6: =AH$15*EXP(-AH$17*$A6) -> 1.7877133 | G6: =AI$15*EXP(-AI$17*$A6) -> 0.89385666 | H6: =B5-B6 -> 0.15257939 | I6: =C5-C6 -> 0.1271495 | J6: =D5-D6 -> 0.1017196 | K6: =E5-E6 -> 0.076289697 | L6: =F5-F6 -> 0.050859798 | M6: =G5-G6 -> 0.025429899 | N6: =ROUNDUP(B6,0) -> 6 | O6: =ROUNDDOWN(B6,0) -> 5
A7: =A6+1 -> 5 | B7: =AD$15*EXP(-AD$17*$A7) -> 5.2147813 | C7: =AE$15*EXP(-AE$17*$A7) -> 4.3456511 | D7: =AF$15*EXP(-AF$17*$A7) -> 3.4765209 | E7: =AG$15*EXP(-AG$17*$A7) -> 2.6073907 | F7: =AH$15*EXP(-AH$17*$A7) -> 1.7382604 | G7: =AI$15*EXP(-AI$17*$A7) -> 0.86913022 | H7: =B6-B7 -> 0.14835864 | I7: =C6-C7 -> 0.1236322 | J7: =D6-D7 -> 0.098905763 | K7: =E6-E7 -> 0.074179322 | L7: =F6-F7 -> 0.049452881 | M7: =G6-G7 -> 0.024726441 | N7: =ROUNDUP(B7,0) -> 6 | O7: =ROUNDDOWN(B7,0) -> 5
A8: =A7+1 -> 6 | B8: =AD$15*EXP(-AD$17*$A8) -> 5.0705267 | C8: =AE$15*EXP(-AE$17*$A8) -> 4.2254389 | D8: =AF$15*EXP(-AF$17*$A8) -> 3.3803511 | E8: =AG$15*EXP(-AG$17*$A8) -> 2.5352633 | F8: =AH$15*EXP(-AH$17*$A8) -> 1.6901756 | G8: =AI$15*EXP(-AI$17*$A8) -> 0.84508778 | H8: =B7-B8 -> 0.14425465 | I8: =C7-C8 -> 0.12021221 | J8: =D7-D8 -> 0.096169768 | K8: =E7-E8 -> 0.072127326 | L8: =F7-F8 -> 0.048084884 | M8: =G7-G8 -> 0.024042442 | N8: =ROUNDUP(B8,0) -> 6 | O8: =ROUNDDOWN(B8,0) -> 5
A9: =A8+1 -> 7 | B9: =AD$15*EXP(-AD$17*$A9) -> 4.9302625 | C9: =AE$15*EXP(-AE$17*$A9) -> 4.1085521 | D9: =AF$15*EXP(-AF$17*$A9) -> 3.2868416 | E9: =AG$15*EXP(-AG$17*$A9) -> 2.4651312 | F9: =AH$15*EXP(-AH$17*$A9) -> 1.6434208 | G9: =AI$15*EXP(-AI$17*$A9) -> 0.82171041 | H9: =B8-B9 -> 0.14026419 | I9: =C8-C9 -> 0.11688682 | J9: =D8-D9 -> 0.093509458 | K9: =E8-E9 -> 0.070132093 | L9: =F8-F9 -> 0.046754729 | M9: =G8-G9 -> 0.023377364 | N9: =ROUNDUP(B9,0) -> 5 | O9: =ROUNDDOWN(B9,0) -> 4
A10: =A9+1 -> 8 | B10: =AD$15*EXP(-AD$17*$A10) -> 4.7938784 | C10: =AE$15*EXP(-AE$17*$A10) -> 3.9948986 | D10: =AF$15*EXP(-AF$17*$A10) -> 3.1959189 | E10: =AG$15*EXP(-AG$17*$A10) -> 2.3969392 | F10: =AH$15*EXP(-AH$17*$A10) -> 1.5979595 | G10: =AI$15*EXP(-AI$17*$A10) -> 0.79897973 | H10: =B9-B10 -> 0.13638411 | I10: =C9-C10 -> 0.11365342 | J10: =D9-D10 -> 0.090922738 | K10: =E9-E10 -> 0.068192054 | L10: =F9-F10 -> 0.045461369 | M10: =G9-G10 -> 0.022730685 | N10: =ROUNDUP(B10,0) -> 5 | O10: =ROUNDDOWN(B10,0) -> 4
A11: =A10+1 -> 9 | B11: =AD$15*EXP(-AD$17*$A11) -> 4.661267 | C11: =AE$15*EXP(-AE$17*$A11) -> 3.8843892 | D11: =AF$15*EXP(-AF$17*$A11) -> 3.1075113 | E11: =AG$15*EXP(-AG$17*$A11) -> 2.3306335 | F11: =AH$15*EXP(-AH$17*$A11) -> 1.5537557 | G11: =AI$15*EXP(-AI$17*$A11) -> 0.77687783 | H11: =B10-B11 -> 0.13261136 | I11: =C10-C11 -> 0.11050947 | J11: =D10-D11 -> 0.088407575 | K11: =E10-E11 -> 0.066305681 | L11: =F10-F11 -> 0.044203787 | M11: =G10-G11 -> 0.022101894 | N11: =ROUNDUP(B11,0) -> 5 | O11: =ROUNDDOWN(B11,0) -> 4
A12: =A11+1 -> 10 | B12: =AD$15*EXP(-AD$17*$A12) -> 4.532324 | C12: =AE$15*EXP(-AE$17*$A12) -> 3.7769367 | D12: =AF$15*EXP(-AF$17*$A12) -> 3.0215493 | E12: =AG$15*EXP(-AG$17*$A12) -> 2.266162 | F12: =AH$15*EXP(-AH$17*$A12) -> 1.5107747 | G12: =AI$15*EXP(-AI$17*$A12) -> 0.75538734 | H12: =B11-B12 -> 0.12894298 | I12: =C11-C12 -> 0.10745248 | J12: =D11-D12 -> 0.085961987 | K12: =E11-E12 -> 0.064471491 | L12: =F11-F12 -> 0.042980994 | M12: =G11-G12 -> 0.021490497 | N12: =ROUNDUP(B12,0) -> 5 | O12: =ROUNDDOWN(B12,0) -> 4
A13: =A12+1 -> 11 | B13: =AD$15*EXP(-AD$17*$A13) -> 4.4069479 | C13: =AE$15*EXP(-AE$17*$A13) -> 3.6724566 | D13: =AF$15*EXP(-AF$17*$A13) -> 2.9379653 | E13: =AG$15*EXP(-AG$17*$A13) -> 2.203474 | F13: =AH$15*EXP(-AH$17*$A13) -> 1.4689826 | G13: =AI$15*EXP(-AI$17*$A13) -> 0.73449132 | H13: =B12-B13 -> 0.12537608 | I13: =C12-C13 -> 0.10448006 | J13: =D12-D13 -> 0.083584051 | K13: =E12-E13 -> 0.062688039 | L13: =F12-F13 -> 0.041792026 | M13: =G12-G13 -> 0.020896013 | N13: =ROUNDUP(B13,0) -> 5 | O13: =ROUNDDOWN(B13,0) -> 4
A14: =A13+1 -> 12 | B14: =AD$15*EXP(-AD$17*$A14) -> 4.2850401 | C14: =AE$15*EXP(-AE$17*$A14) -> 3.5708668 | D14: =AF$15*EXP(-AF$17*$A14) -> 2.8566934 | E14: =AG$15*EXP(-AG$17*$A14) -> 2.1425201 | F14: =AH$15*EXP(-AH$17*$A14) -> 1.4283467 | G14: =AI$15*EXP(-AI$17*$A14) -> 0.71417335 | H14: =B13-B14 -> 0.12190784 | I14: =C13-C14 -> 0.10158987 | J14: =D13-D14 -> 0.081271895 | K14: =E13-E14 -> 0.060953921 | L14: =F13-F14 -> 0.040635948 | M14: =G13-G14 -> 0.020317974 | N14: =ROUNDUP(B14,0) -> 5 | O14: =ROUNDDOWN(B14,0) -> 4 | AC14: End State | AD14: =Cdel!N17 -> 0.03
A15: =A14+1 -> 13 | B15: =AD$15*EXP(-AD$17*$A15) -> 4.1665046 | C15: =AE$15*EXP(-AE$17*$A15) -> 3.4720871 | D15: =AF$15*EXP(-AF$17*$A15) -> 2.7776697 | E15: =AG$15*EXP(-AG$17*$A15) -> 2.0832523 | F15: =AH$15*EXP(-AH$17*$A15) -> 1.3888349 | G15: =AI$15*EXP(-AI$17*$A15) -> 0.69441743 | H15: =B14-B15 -> 0.11853555 | I15: =C14-C15 -> 0.098779624 | J15: =D14-D15 -> 0.0790237 | K15: =E14-E15 -> 0.059267775 | L15: =F14-F15 -> 0.03951185 | M15: =G14-G15 -> 0.019755925 | N15: =ROUNDUP(B15,0) -> 5 | O15: =ROUNDDOWN(B15,0) -> 4 | AC15: Cr(max) | AD15: 6 | AE15: 5 | AF15: 4 | AG15: 3 | AH15: 2 | AI15: 1
A16: =A15+1 -> 14 | B16: =AD$15*EXP(-AD$17*$A16) -> 4.051248 | C16: =AE$15*EXP(-AE$17*$A16) -> 3.37604 | D16: =AF$15*EXP(-AF$17*$A16) -> 2.700832 | E16: =AG$15*EXP(-AG$17*$A16) -> 2.025624 | F16: =AH$15*EXP(-AH$17*$A16) -> 1.350416 | G16: =AI$15*EXP(-AI$17*$A16) -> 0.675208 | H16: =B15-B16 -> 0.11525654 | I16: =C15-C16 -> 0.096047119 | J16: =D15-D16 -> 0.076837695 | K16: =E15-E16 -> 0.057628271 | L16: =F15-F16 -> 0.038418847 | M16: =G15-G16 -> 0.019209424 | N16: =ROUNDUP(B16,0) -> 5 | O16: =ROUNDDOWN(B16,0) -> 4 | AC16: lifespan | AD16: =Cdel!N19 -> 125 | AE16: =Cdel!O19 -> 125 | AF16: =Cdel!P19 -> 125 | AG16: =Cdel!Q19 -> 125 | AH16: =Cdel!R19 -> 125 | AI16: =Cdel!S19 -> 125
A17: =A16+1 -> 15 | B17: =AD$15*EXP(-AD$17*$A17) -> 3.9391798 | C17: =AE$15*EXP(-AE$17*$A17) -> 3.2826498 | D17: =AF$15*EXP(-AF$17*$A17) -> 2.6261198 | E17: =AG$15*EXP(-AG$17*$A17) -> 1.9695899 | F17: =AH$15*EXP(-AH$17*$A17) -> 1.3130599 | G17: =AI$15*EXP(-AI$17*$A17) -> 0.65652996 | H17: =B16-B17 -> 0.11206824 | I17: =C16-C17 -> 0.093390201 | J17: =D16-D17 -> 0.074712161 | K17: =E16-E17 -> 0.056034121 | L17: =F16-F17 -> 0.03735608 | M17: =G16-G17 -> 0.01867804 | N17: =ROUNDUP(B17,0) -> 4 | O17: =ROUNDDOWN(B17,0) -> 3 | AC17: k | AD17: =-LN($AD$14)/AD16 -> 0.028052463 | AE17: =-LN($AD$14)/AE16 -> 0.028052463 | AF17: =-LN($AD$14)/AF16 -> 0.028052463 | AG17: =-LN($AD$14)/AG16 -> 0.028052463 | AH17: =-LN($AD$14)/AH16 -> 0.028052463 | AI17: =-LN($AD$14)/AI16 -> 0.028052463
A18: =A17+1 -> 16 | B18: =AD$15*EXP(-AD$17*$A18) -> 3.8302116 | C18: =AE$15*EXP(-AE$17*$A18) -> 3.191843 | D18: =AF$15*EXP(-AF$17*$A18) -> 2.5534744 | E18: =AG$15*EXP(-AG$17*$A18) -> 1.9151058 | F18: =AH$15*EXP(-AH$17*$A18) -> 1.2767372 | G18: =AI$15*EXP(-AI$17*$A18) -> 0.63836861 | H18: =B17-B18 -> 0.10896814 | I18: =C17-C18 -> 0.090806781 | J18: =D17-D18 -> 0.072645425 | K18: =E17-E18 -> 0.054484069 | L18: =F17-F18 -> 0.036322712 | M18: =G17-G18 -> 0.018161356 | N18: =ROUNDUP(B18,0) -> 4 | O18: =ROUNDDOWN(B18,0) -> 3
A19: =A18+1 -> 17 | B19: =AD$15*EXP(-AD$17*$A19) -> 3.7242578 | C19: =AE$15*EXP(-AE$17*$A19) -> 3.1035482 | D19: =AF$15*EXP(-AF$17*$A19) -> 2.4828386 | E19: =AG$15*EXP(-AG$17*$A19) -> 1.8621289 | F19: =AH$15*EXP(-AH$17*$A19) -> 1.2414193 | G19: =AI$15*EXP(-AI$17*$A19) -> 0.62070964 | H19: =B18-B19 -> 0.10595379 | I19: =C18-C19 -> 0.088294825 | J19: =D18-D19 -> 0.07063586 | K19: =E18-E19 -> 0.052976895 | L19: =F18-F19 -> 0.03531793 | M19: =G18-G19 -> 0.017658965 | N19: =ROUNDUP(B19,0) -> 4 | O19: =ROUNDDOWN(B19,0) -> 3
A20: =A19+1 -> 18 | B20: =AD$15*EXP(-AD$17*$A20) -> 3.621235 | C20: =AE$15*EXP(-AE$17*$A20) -> 3.0176958 | D20: =AF$15*EXP(-AF$17*$A20) -> 2.4141567 | E20: =AG$15*EXP(-AG$17*$A20) -> 1.8106175 | F20: =AH$15*EXP(-AH$17*$A20) -> 1.2070783 | G20: =AI$15*EXP(-AI$17*$A20) -> 0.60353917 | H20: =B19-B20 -> 0.10302283 | I20: =C19-C20 -> 0.085852357 | J20: =D19-D20 -> 0.068681885 | K20: =E19-E20 -> 0.051511414 | L20: =F19-F20 -> 0.034340943 | M20: =G19-G20 -> 0.017170471 | N20: =ROUNDUP(B20,0) -> 4 | O20: =ROUNDDOWN(B20,0) -> 3
A21: =A20+1 -> 19 | B21: =AD$15*EXP(-AD$17*$A21) -> 3.5210621 | C21: =AE$15*EXP(-AE$17*$A21) -> 2.9342184 | D21: =AF$15*EXP(-AF$17*$A21) -> 2.3473747 | E21: =AG$15*EXP(-AG$17*$A21) -> 1.760531 | F21: =AH$15*EXP(-AH$17*$A21) -> 1.1736874 | G21: =AI$15*EXP(-AI$17*$A21) -> 0.58684368 | H21: =B20-B21 -> 0.10017294 | I21: =C20-C21 -> 0.083477453 | J21: =D20-D21 -> 0.066781963 | K21: =E20-E21 -> 0.050086472 | L21: =F20-F21 -> 0.033390981 | M21: =G20-G21 -> 0.016695491 | N21: =ROUNDUP(B21,0) -> 4 | O21: =ROUNDDOWN(B21,0) -> 3
A22: =A21+1 -> 20 | B22: =AD$15*EXP(-AD$17*$A22) -> 3.4236602 | C22: =AE$15*EXP(-AE$17*$A22) -> 2.8530501 | D22: =AF$15*EXP(-AF$17*$A22) -> 2.2824401 | E22: =AG$15*EXP(-AG$17*$A22) -> 1.7118301 | F22: =AH$15*EXP(-AH$17*$A22) -> 1.1412201 | G22: =AI$15*EXP(-AI$17*$A22) -> 0.57061003 | H22: =B21-B22 -> 0.097401895 | I22: =C21-C22 -> 0.081168246 | J22: =D21-D22 -> 0.064934597 | K22: =E21-E22 -> 0.048700948 | L22: =F21-F22 -> 0.032467298 | M22: =G21-G22 -> 0.016233649 | N22: =ROUNDUP(B22,0) -> 4 | O22: =ROUNDDOWN(B22,0) -> 3
A23: =A22+1 -> 21 | B23: =AD$15*EXP(-AD$17*$A23) -> 3.3289527 | C23: =AE$15*EXP(-AE$17*$A23) -> 2.7741272 | D23: =AF$15*EXP(-AF$17*$A23) -> 2.2193018 | E23: =AG$15*EXP(-AG$17*$A23) -> 1.6644763 | F23: =AH$15*EXP(-AH$17*$A23) -> 1.1096509 | G23: =AI$15*EXP(-AI$17*$A23) -> 0.55482545 | H23: =B22-B23 -> 0.094707501 | I23: =C22-C23 -> 0.078922917 | J23: =D22-D23 -> 0.063138334 | K23: =E22-E23 -> 0.04735375 | L23: =F22-F23 -> 0.031569167 | M23: =G22-G23 -> 0.015784583 | N23: =ROUNDUP(B23,0) -> 4 | O23: =ROUNDDOWN(B23,0) -> 3
A24: =A23+1 -> 22 | B24: =AD$15*EXP(-AD$17*$A24) -> 3.236865 | C24: =AE$15*EXP(-AE$17*$A24) -> 2.6973875 | D24: =AF$15*EXP(-AF$17*$A24) -> 2.15791 | E24: =AG$15*EXP(-AG$17*$A24) -> 1.6184325 | F24: =AH$15*EXP(-AH$17*$A24) -> 1.078955 | G24: =AI$15*EXP(-AI$17*$A24) -> 0.53947751 | H24: =B23-B24 -> 0.092087641 | I24: =C23-C24 -> 0.076739701 | J24: =D23-D24 -> 0.061391761 | K24: =E23-E24 -> 0.04604382 | L24: =F23-F24 -> 0.03069588 | M24: =G23-G24 -> 0.01534794 | N24: =ROUNDUP(B24,0) -> 4 | O24: =ROUNDDOWN(B24,0) -> 3
A25: =A24+1 -> 23 | B25: =AD$15*EXP(-AD$17*$A25) -> 3.1473248 | C25: =AE$15*EXP(-AE$17*$A25) -> 2.6227707 | D25: =AF$15*EXP(-AF$17*$A25) -> 2.0982165 | E25: =AG$15*EXP(-AG$17*$A25) -> 1.5736624 | F25: =AH$15*EXP(-AH$17*$A25) -> 1.0491083 | G25: =AI$15*EXP(-AI$17*$A25) -> 0.52455413 | H25: =B24-B25 -> 0.089540253 | I25: =C24-C25 -> 0.074616878 | J25: =D24-D25 -> 0.059693502 | K25: =E24-E25 -> 0.044770127 | L25: =F24-F25 -> 0.029846751 | M25: =G24-G25 -> 0.014923376 | N25: =ROUNDUP(B25,0) -> 4 | O25: =ROUNDDOWN(B25,0) -> 3
A26: =A25+1 -> 24 | B26: =AD$15*EXP(-AD$17*$A26) -> 3.0602614 | C26: =AE$15*EXP(-AE$17*$A26) -> 2.5502179 | D26: =AF$15*EXP(-AF$17*$A26) -> 2.0401743 | E26: =AG$15*EXP(-AG$17*$A26) -> 1.5301307 | F26: =AH$15*EXP(-AH$17*$A26) -> 1.0200871 | G26: =AI$15*EXP(-AI$17*$A26) -> 0.51004357 | H26: =B25-B26 -> 0.087063333 | I26: =C25-C26 -> 0.072552777 | J26: =D25-D26 -> 0.058042222 | K26: =E25-E26 -> 0.043531666 | L26: =F25-F26 -> 0.029021111 | M26: =G25-G26 -> 0.014510555 | N26: =ROUNDUP(B26,0) -> 4 | O26: =ROUNDDOWN(B26,0) -> 3
A27: =A26+1 -> 25 | B27: =AD$15*EXP(-AD$17*$A27) -> 2.9756065 | C27: =AE$15*EXP(-AE$17*$A27) -> 2.4796721 | D27: =AF$15*EXP(-AF$17*$A27) -> 1.9837377 | E27: =AG$15*EXP(-AG$17*$A27) -> 1.4878033 | F27: =AH$15*EXP(-AH$17*$A27) -> 0.99186884 | G27: =AI$15*EXP(-AI$17*$A27) -> 0.49593442 | H27: =B26-B27 -> 0.08465493 | I27: =C26-C27 -> 0.070545775 | J27: =D26-D27 -> 0.05643662 | K27: =E26-E27 -> 0.042327465 | L27: =F26-F27 -> 0.02821831 | M27: =G26-G27 -> 0.014109155 | N27: =ROUNDUP(B27,0) -> 3 | O27: =ROUNDDOWN(B27,0) -> 2
A28: =A27+1 -> 26 | B28: =AD$15*EXP(-AD$17*$A28) -> 2.8932934 | C28: =AE$15*EXP(-AE$17*$A28) -> 2.4110778 | D28: =AF$15*EXP(-AF$17*$A28) -> 1.9288622 | E28: =AG$15*EXP(-AG$17*$A28) -> 1.4466467 | F28: =AH$15*EXP(-AH$17*$A28) -> 0.96443112 | G28: =AI$15*EXP(-AI$17*$A28) -> 0.48221556 | H28: =B27-B28 -> 0.082313151 | I28: =C27-C28 -> 0.068594293 | J28: =D27-D28 -> 0.054875434 | K28: =E27-E28 -> 0.041156576 | L28: =F27-F28 -> 0.027437717 | M28: =G27-G28 -> 0.013718859 | N28: =ROUNDUP(B28,0) -> 3 | O28: =ROUNDDOWN(B28,0) -> 2
A29: =A28+1 -> 27 | B29: =AD$15*EXP(-AD$17*$A29) -> 2.8132572 | C29: =AE$15*EXP(-AE$17*$A29) -> 2.344381 | D29: =AF$15*EXP(-AF$17*$A29) -> 1.8755048 | E29: =AG$15*EXP(-AG$17*$A29) -> 1.4066286 | F29: =AH$15*EXP(-AH$17*$A29) -> 0.93775241 | G29: =AI$15*EXP(-AI$17*$A29) -> 0.4688762 | H29: =B28-B29 -> 0.080036151 | I29: =C28-C29 -> 0.066696793 | J29: =D28-D29 -> 0.053357434 | K29: =E28-E29 -> 0.040018076 | L29: =F28-F29 -> 0.026678717 | M29: =G28-G29 -> 0.013339359 | N29: =ROUNDUP(B29,0) -> 3 | O29: =ROUNDDOWN(B29,0) -> 2
... A289: =A288+1 -> 287 | B289: =AD$15*EXP(-AD$17*$A289) -> 0.001912589 | C289: =AE$15*EXP(-AE$17*$A289) -> 0.0015938242 | D289: =AF$15*EXP(-AF$17*$A289) -> 0.0012750593 | E289: =AG$15*EXP(-AG$17*$A289) -> 0.00095629449 | F289: =AH$15*EXP(-AH$17*$A289) -> 0.00063752966 | G289: =AI$15*EXP(-AI$17*$A289) -> 0.00031876483 | H289: =B288-B289 -> 5.4412466e-05 | I289: =C288-C289 -> 4.5343722e-05 | J289: =D288-D289 -> 3.6274977e-05 | K289: =E288-E289 -> 2.7206233e-05 | L289: =F288-F289 -> 1.8137489e-05 | M289: =G288-G289 -> 9.0687443e-06 | N289: =ROUNDUP(B289,0) -> 1 | O289: =ROUNDDOWN(B289,0) -> 0

Sheet LEYP_Input
A1: id | B1: age | C1: condition | D1: material
A2: =[1]Louisa_wConduits_Input_CSV!B2 -> P787 | B2: {=YEAR(TODAY())-_xlfn.XLOOKUP(A2,Conduits_Condition!$A$2:$A$369,IF(_xlfn.XLOOKUP(A2,Conduits_Condition!$A$2:$A$369,Conduits_Condition!$F$2:$F$369)="",Conduits_Condition!$E$2:$E$369,Conduits_Condition!$F$2:$F$369))} -> 96 | C2: =_xlfn.XLOOKUP(A2,Conduits_Condition!$C$2:$C$369,Conduits_Condition!$H$2:$H$369) -> 1 | D2: =_xlfn.LET( _xlpm.mat, _xlfn.XLOOKUP(A2, Conduits_Condition!$A$2:$A$389, Conduits_Condition!$B$2:$B$389), IF(OR(_xlpm.mat="", _xlpm.mat="XXX", _xlpm.mat=0), IF(B2>=50, "DIP", "PVC"), _xlpm.mat) ) -> DI
A3: =[1]Louisa_wConduits_Input_CSV!B3 -> P789 | B3: {=YEAR(TODAY())-_xlfn.XLOOKUP(A3,Conduits_Condition!$A$2:$A$369,IF(_xlfn.XLOOKUP(A3,Conduits_Condition!$A$2:$A$369,Conduits_Condition!$F$2:$F$369)="",Conduits_Condition!$E$2:$E$369,Conduits_Condition!$F$2:$F$369))} -> 96 | C3: =_xlfn.XLOOKUP(A3,Conduits_Condition!$C$2:$C$369,Conduits_Condition!$H$2:$H$369) -> 1 | D3: =_xlfn.LET( _xlpm.mat, _xlfn.XLOOKUP(A3, Conduits_Condition!$A$2:$A$389, Conduits_Condition!$B$2:$B$389), IF(OR(_xlpm.mat="", _xlpm.mat="XXX", _xlpm.mat=0), IF(B3>=50, "DIP", "PVC"), _xlpm.mat) ) -> DI
A4: =[1]Louisa_wConduits_Input_CSV!B4 -> P791 | B4: {=YEAR(TODAY())-_xlfn.XLOOKUP(A4,Conduits_Condition!$A$2:$A$369,IF(_xlfn.XLOOKUP(A4,Conduits_Condition!$A$2:$A$369,Conduits_Condition!$F$2:$F$369)="",Conduits_Condition!$E$2:$E$369,Conduits_Condition!$F$2:$F$369))} -> 96 | C4: =_xlfn.XLOOKUP(A4,Conduits_Condition!$C$2:$C$369,Conduits_Condition!$H$2:$H$369) -> 1 | D4: =_xlfn.LET( _xlpm.mat, _xlfn.XLOOKUP(A4, Conduits_Condition!$A$2:$A$389, Conduits_Condition!$B$2:$B$389), IF(OR(_xlpm.mat="", _xlpm.mat="XXX", _xlpm.mat=0), IF(B4>=50, "DIP", "PVC"), _xlpm.mat) ) -> DI
A5: =[1]Louisa_wConduits_Input_CSV!B5 -> P793 | B5: {=YEAR(TODAY())-_xlfn.XLOOKUP(A5,Conduits_Condition!$A$2:$A$369,IF(_xlfn.XLOOKUP(A5,Conduits_Condition!$A$2:$A$369,Conduits_Condition!$F$2:$F$369)="",Conduits_Condition!$E$2:$E$369,Conduits_Condition!$F$2:$F$369))} -> 96 | C5: =_xlfn.XLOOKUP(A5,Conduits_Condition!$C$2:$C$369,Conduits_Condition!$H$2:$H$369) -> 1 | D5: =_xlfn.LET( _xlpm.mat, _xlfn.XLOOKUP(A5, Conduits_Condition!$A$2:$A$389, Conduits_Condition!$B$2:$B$389), IF(OR(_xlpm.mat="", _xlpm.mat="XXX", _xlpm.mat=0), IF(B5>=50, "DIP", "PVC"), _xlpm.mat) ) -> DI
A6: =[1]Louisa_wConduits_Input_CSV!B6 -> P795 | B6: {=YEAR(TODAY())-_xlfn.XLOOKUP(A6,Conduits_Condition!$A$2:$A$369,IF(_xlfn.XLOOKUP(A6,Conduits_Condition!$A$2:$A$369,Conduits_Condition!$F$2:$F$369)="",Conduits_Condition!$E$2:$E$369,Conduits_Condition!$F$2:$F$369))} -> 96 | C6: =_xlfn.XLOOKUP(A6,Conduits_Condition!$C$2:$C$369,Conduits_Condition!$H$2:$H$369) -> 1 | D6: =_xlfn.LET( _xlpm.mat, _xlfn.XLOOKUP(A6, Conduits_Condition!$A$2:$A$389, Conduits_Condition!$B$2:$B$389), IF(OR(_xlpm.mat="", _xlpm.mat="XXX", _xlpm.mat=0), IF(B6>=50, "DIP", "PVC"), _xlpm.mat) ) -> DI
A7: =[1]Louisa_wConduits_Input_CSV!B7 -> P797 | B7: {=YEAR(TODAY())-_xlfn.XLOOKUP(A7,Conduits_Condition!$A$2:$A$369,IF(_xlfn.XLOOKUP(A7,Conduits_Condition!$A$2:$A$369,Conduits_Condition!$F$2:$F$369)="",Conduits_Condition!$E$2:$E$369,Conduits_Condition!$F$2:$F$369))} -> 96 | C7: =_xlfn.XLOOKUP(A7,Conduits_Condition!$C$2:$C$369,Conduits_Condition!$H$2:$H$369) -> 1 | D7: =_xlfn.LET( _xlpm.mat, _xlfn.XLOOKUP(A7, Conduits_Condition!$A$2:$A$389, Conduits_Condition!$B$2:$B$389), IF(OR(_xlpm.mat="", _xlpm.mat="XXX", _xlpm.mat=0), IF(B7>=50, "DIP", "PVC"), _xlpm.mat) ) -> DI
A8: =[1]Louisa_wConduits_Input_CSV!B8 -> P799 | B8: {=YEAR(TODAY())-_xlfn.XLOOKUP(A8,Conduits_Condition!$A$2:$A$369,IF(_xlfn.XLOOKUP(A8,Conduits_Condition!$A$2:$A$369,Conduits_Condition!$F$2:$F$369)="",Conduits_Condition!$E$2:$E$369,Conduits_Condition!$F$2:$F$369))} -> 96 | C8: =_xlfn.XLOOKUP(A8,Conduits_Condition!$C$2:$C$369,Conduits_Condition!$H$2:$H$369) -> 1 | D8: =_xlfn.LET( _xlpm.mat, _xlfn.XLOOKUP(A8, Conduits_Condition!$A$2:$A$389, Conduits_Condition!$B$2:$B$389), IF(OR(_xlpm.mat="", _xlpm.mat="XXX", _xlpm.mat=0), IF(B8>=50, "DIP", "PVC"), _xlpm.mat) ) -> DI
A9: =[1]Louisa_wConduits_Input_CSV!B9 -> P801 | B9: {=YEAR(TODAY())-_xlfn.XLOOKUP(A9,Conduits_Condition!$A$2:$A$369,IF(_xlfn.XLOOKUP(A9,Conduits_Condition!$A$2:$A$369,Conduits_Condition!$F$2:$F$369)="",Conduits_Condition!$E$2:$E$369,Conduits_Condition!$F$2:$F$369))} -> 96 | C9: =_xlfn.XLOOKUP(A9,Conduits_Condition!$C$2:$C$369,Conduits_Condition!$H$2:$H$369) -> 1 | D9: =_xlfn.LET( _xlpm.mat, _xlfn.XLOOKUP(A9, Conduits_Condition!$A$2:$A$389, Conduits_Condition!$B$2:$B$389), IF(OR(_xlpm.mat="", _xlpm.mat="XXX", _xlpm.mat=0), IF(B9>=50, "DIP", "PVC"), _xlpm.mat) ) -> DI
A10: =[1]Louisa_wConduits_Input_CSV!B10 -> P803 | B10: {=YEAR(TODAY())-_xlfn.XLOOKUP(A10,Conduits_Condition!$A$2:$A$369,IF(_xlfn.XLOOKUP(A10,Conduits_Condition!$A$2:$A$369,Conduits_Condition!$F$2:$F$369)="",Conduits_Condition!$E$2:$E$369,Conduits_Condition!$F$2:$F$369))} -> 76 | C10: =_xlfn.XLOOKUP(A10,Conduits_Condition!$C$2:$C$369,Conduits_Condition!$H$2:$H$369) -> 1 | D10: =_xlfn.LET( _xlpm.mat, _xlfn.XLOOKUP(A10, Conduits_Condition!$A$2:$A$389, Conduits_Condition!$B$2:$B$389), IF(OR(_xlpm.mat="", _xlpm.mat="XXX", _xlpm.mat=0), IF(B10>=50, "DIP", "PVC"), _xlpm.mat) ) -> DI
A11: =[1]Louisa_wConduits_Input_CSV!B11 -> P805 | B11: {=YEAR(TODAY())-_xlfn.XLOOKUP(A11,Conduits_Condition!$A$2:$A$369,IF(_xlfn.XLOOKUP(A11,Conduits_Condition!$A$2:$A$369,Conduits_Condition!$F$2:$F$369)="",Conduits_Condition!$E$2:$E$369,Conduits_Condition!$F$2:$F$369))} -> 96 | C11: =_xlfn.XLOOKUP(A11,Conduits_Condition!$C$2:$C$369,Conduits_Condition!$H$2:$H$369) -> 1 | D11: =_xlfn.LET( _xlpm.mat, _xlfn.XLOOKUP(A11, Conduits_Condition!$A$2:$A$389, Conduits_Condition!$B$2:$B$389), IF(OR(_xlpm.mat="", _xlpm.mat="XXX", _xlpm.mat=0), IF(B11>=50, "DIP", "PVC"), _xlpm.mat) ) -> DI
A12: =[1]Louisa_wConduits_Input_CSV!B12 -> P807 | B12: {=YEAR(TODAY())-_xlfn.XLOOKUP(A12,Conduits_Condition!$A$2:$A$369,IF(_xlfn.XLOOKUP(A12,Conduits_Condition!$A$2:$A$369,Conduits_Condition!$F$2:$F$369)="",Conduits_Condition!$E$2:$E$369,Conduits_Condition!$F$2:$F$369))} -> 46 | C12: =_xlfn.XLOOKUP(A12,Conduits_Condition!$C$2:$C$369,Conduits_Condition!$H$2:$H$369) -> 1 | D12: =_xlfn.LET( _xlpm.mat, _xlfn.XLOOKUP(A12, Conduits_Condition!$A$2:$A$389, Conduits_Condition!$B$2:$B$389), IF(OR(_xlpm.mat="", _xlpm.mat="XXX", _xlpm.mat=0), IF(B12>=50, "DIP", "PVC"), _xlpm.mat) ) -> DI
A13: =[1]Louisa_wConduits_Input_CSV!B13 -> P809 | B13: {=YEAR(TODAY())-_xlfn.XLOOKUP(A13,Conduits_Condition!$A$2:$A$369,IF(_xlfn.XLOOKUP(A13,Conduits_Condition!$A$2:$A$369,Conduits_Condition!$F$2:$F$369)="",Conduits_Condition!$E$2:$E$369,Conduits_Condition!$F$2:$F$369))} -> 46 | C13: =_xlfn.XLOOKUP(A13,Conduits_Condition!$C$2:$C$369,Conduits_Condition!$H$2:$H$369) -> 1 | D13: =_xlfn.LET( _xlpm.mat, _xlfn.XLOOKUP(A13, Conduits_Condition!$A$2:$A$389, Conduits_Condition!$B$2:$B$389), IF(OR(_xlpm.mat="", _xlpm.mat="XXX", _xlpm.mat=0), IF(B13>=50, "DIP", "PVC"), _xlpm.mat) ) -> DI
... A368: =[1]Louisa_wConduits_Input_CSV!B368 -> P1523 | B368: {=YEAR(TODAY())-_xlfn.XLOOKUP(A368,Conduits_Condition!$A$2:$A$369,IF(_xlfn.XLOOKUP(A368,Conduits_Condition!$A$2:$A$369,Conduits_Condition!$F$2:$F$369)="",Conduits_Condition!$E$2:$E$369,Conduits_Condition!$F$2:$F$369))} -> 46 | C368: =_xlfn.XLOOKUP(A368,Conduits_Condition!$C$2:$C$369,Conduits_Condition!$H$2:$H$369) -> 1 | D368: =_xlfn.LET( _xlpm.mat, _xlfn.XLOOKUP(A368, Conduits_Condition!$A$2:$A$389, Conduits_Condition!$B$2:$B$389), IF(OR(_xlpm.mat="", _xlpm.mat="XXX", _xlpm.mat=0), IF(B368>=50, "DIP", "PVC"), _xlpm.mat) ) -> DI
A369: =[1]Louisa_wConduits_Input_CSV!B369 -> P1525 | B369: {=YEAR(TODAY())-_xlfn.XLOOKUP(A369,Conduits_Condition!$A$2:$A$389,IF(_xlfn.XLOOKUP(A369,Conduits_Condition!$A$2:$A$389,Conduits_Condition!$F$2:$F$389)="",Conduits_Condition!$E$2:$E$389,Conduits_Condition!$F$2:$F$389))} -> 46 | C369: =_xlfn.XLOOKUP(A369,Conduits_Condition!$C$2:$C$389,Conduits_Condition!$H$2:$H$389) -> 1 | D369: =_xlfn.LET( _xlpm.mat, _xlfn.XLOOKUP(A369, Conduits_Condition!$A$2:$A$389, Conduits_Condition!$B$2:$B$389), IF(OR(_xlpm.mat="", _xlpm.mat="XXX", _xlpm.mat=0), IF(B369>=50, "DIP", "PVC"), _xlpm.mat) ) -> DI
A370: =[1]Louisa_wConduits_Input_CSV!B370 -> P1527 | B370: {=YEAR(TODAY())-_xlfn.XLOOKUP(A370,Conduits_Condition!$A$2:$A$389,IF(_xlfn.XLOOKUP(A370,Conduits_Condition!$A$2:$A$389,Conduits_Condition!$F$2:$F$389)="",Conduits_Condition!$E$2:$E$389,Conduits_Condition!$F$2:$F$389))} -> 46 | C370: =_xlfn.XLOOKUP(A370,Conduits_Condition!$C$2:$C$389,Conduits_Condition!$H$2:$H$389) -> 1 | D370: =_xlfn.LET( _xlpm.mat, _xlfn.XLOOKUP(A370, Conduits_Condition!$A$2:$A$389, Conduits_Condition!$B$2:$B$389), IF(OR(_xlpm.mat="", _xlpm.mat="XXX", _xlpm.mat=0), IF(B370>=50, "DIP", "PVC"), _xlpm.mat) ) -> DI
A371: =[1]Louisa_wConduits_Input_CSV!B371 -> P1529 | B371: {=YEAR(TODAY())-_xlfn.XLOOKUP(A371,Conduits_Condition!$A$2:$A$389,IF(_xlfn.XLOOKUP(A371,Conduits_Condition!$A$2:$A$389,Conduits_Condition!$F$2:$F$389)="",Conduits_Condition!$E$2:$E$389,Conduits_Condition!$F$2:$F$389))} -> 46 | C371: =_xlfn.XLOOKUP(A371,Conduits_Condition!$C$2:$C$389,Conduits_Condition!$H$2:$H$389) -> 1 | D371: =_xlfn.LET( _xlpm.mat, _xlfn.XLOOKUP(A371, Conduits_Condition!$A$2:$A$389, Conduits_Condition!$B$2:$B$389), IF(OR(_xlpm.mat="", _xlpm.mat="XXX", _xlpm.mat=0), IF(B371>=50, "DIP", "PVC"), _xlpm.mat) ) -> DI
A372: =[1]Louisa_wConduits_Input_CSV!B372 -> P1531 | B372: {=YEAR(TODAY())-_xlfn.XLOOKUP(A372,Conduits_Condition!$A$2:$A$389,IF(_xlfn.XLOOKUP(A372,Conduits_Condition!$A$2:$A$389,Conduits_Condition!$F$2:$F$389)="",Conduits_Condition!$E$2:$E$389,Conduits_Condition!$F$2:$F$389))} -> 46 | C372: =_xlfn.XLOOKUP(A372,Conduits_Condition!$C$2:$C$389,Conduits_Condition!$H$2:$H$389) -> 1 | D372: =_xlfn.LET( _xlpm.mat, _xlfn.XLOOKUP(A372, Conduits_Condition!$A$2:$A$389, Conduits_Condition!$B$2:$B$389), IF(OR(_xlpm.mat="", _xlpm.mat="XXX", _xlpm.mat=0), IF(B372>=50, "DIP", "PVC"), _xlpm.mat) ) -> DI
A373: =[1]Louisa_wConduits_Input_CSV!B373 -> P1533 | B373: {=YEAR(TODAY())-_xlfn.XLOOKUP(A373,Conduits_Condition!$A$2:$A$389,IF(_xlfn.XLOOKUP(A373,Conduits_Condition!$A$2:$A$389,Conduits_Condition!$F$2:$F$389)="",Conduits_Condition!$E$2:$E$389,Conduits_Condition!$F$2:$F$389))} -> 46 | C373: =_xlfn.XLOOKUP(A373,Conduits_Condition!$C$2:$C$389,Conduits_Condition!$H$2:$H$389) -> 1 | D373: =_xlfn.LET( _xlpm.mat, _xlfn.XLOOKUP(A373, Conduits_Condition!$A$2:$A$389, Conduits_Condition!$B$2:$B$389), IF(OR(_xlpm.mat="", _xlpm.mat="XXX", _xlpm.mat=0), IF(B373>=50, "DIP", "PVC"), _xlpm.mat) ) -> DI
A374: =[1]Louisa_wConduits_Input_CSV!B374 -> P1535 | B374: {=YEAR(TODAY())-_xlfn.XLOOKUP(A374,Conduits_Condition!$A$2:$A$389,IF(_xlfn.XLOOKUP(A374,Conduits_Condition!$A$2:$A$389,Conduits_Condition!$F$2:$F$389)="",Conduits_Condition!$E$2:$E$389,Conduits_Condition!$F$2:$F$389))} -> 26 | C374: =_xlfn.XLOOKUP(A374,Conduits_Condition!$C$2:$C$389,Conduits_Condition!$H$2:$H$389) -> 2 | D374: =_xlfn.LET( _xlpm.mat, _xlfn.XLOOKUP(A374, Conduits_Condition!$A$2:$A$389, Conduits_Condition!$B$2:$B$389), IF(OR(_xlpm.mat="", _xlpm.mat="XXX", _xlpm.mat=0), IF(B374>=50, "DIP", "PVC"), _xlpm.mat) ) -> DI
A375: =[1]Louisa_wConduits_Input_CSV!B375 -> P1537 | B375: {=YEAR(TODAY())-_xlfn.XLOOKUP(A375,Conduits_Condition!$A$2:$A$389,IF(_xlfn.XLOOKUP(A375,Conduits_Condition!$A$2:$A$389,Conduits_Condition!$F$2:$F$389)="",Conduits_Condition!$E$2:$E$389,Conduits_Condition!$F$2:$F$389))} -> 26 | C375: =_xlfn.XLOOKUP(A375,Conduits_Condition!$C$2:$C$389,Conduits_Condition!$H$2:$H$389) -> 2 | D375: =_xlfn.LET( _xlpm.mat, _xlfn.XLOOKUP(A375, Conduits_Condition!$A$2:$A$389, Conduits_Condition!$B$2:$B$389), IF(OR(_xlpm.mat="", _xlpm.mat="XXX", _xlpm.mat=0), IF(B375>=50, "DIP", "PVC"), _xlpm.mat) ) -> PVC
A376: =[1]Louisa_wConduits_Input_CSV!B376 -> P1539 | B376: {=YEAR(TODAY())-_xlfn.XLOOKUP(A376,Conduits_Condition!$A$2:$A$389,IF(_xlfn.XLOOKUP(A376,Conduits_Condition!$A$2:$A$389,Conduits_Condition!$F$2:$F$389)="",Conduits_Condition!$E$2:$E$389,Conduits_Condition!$F$2:$F$389))} -> 26 | C376: =_xlfn.XLOOKUP(A376,Conduits_Condition!$C$2:$C$389,Conduits_Condition!$H$2:$H$389) -> 2 | D376: =_xlfn.LET( _xlpm.mat, _xlfn.XLOOKUP(A376, Conduits_Condition!$A$2:$A$389, Conduits_Condition!$B$2:$B$389), IF(OR(_xlpm.mat="", _xlpm.mat="XXX", _xlpm.mat=0), IF(B376>=50, "DIP", "PVC"), _xlpm.mat) ) -> DI
A377: =[1]Louisa_wConduits_Input_CSV!B377 -> P1541 | B377: {=YEAR(TODAY())-_xlfn.XLOOKUP(A377,Conduits_Condition!$A$2:$A$389,IF(_xlfn.XLOOKUP(A377,Conduits_Condition!$A$2:$A$389,Conduits_Condition!$F$2:$F$389)="",Conduits_Condition!$E$2:$E$389,Conduits_Condition!$F$2:$F$389))} -> 96 | C377: =_xlfn.XLOOKUP(A377,Conduits_Condition!$C$2:$C$389,Conduits_Condition!$H$2:$H$389) -> 1 | D377: =_xlfn.LET( _xlpm.mat, _xlfn.XLOOKUP(A377, Conduits_Condition!$A$2:$A$389, Conduits_Condition!$B$2:$B$389), IF(OR(_xlpm.mat="", _xlpm.mat="XXX", _xlpm.mat=0), IF(B377>=50, "DIP", "PVC"), _xlpm.mat) ) -> DI
A378: =[1]Louisa_wConduits_Input_CSV!B378 -> P1543 | B378: {=YEAR(TODAY())-_xlfn.XLOOKUP(A378,Conduits_Condition!$A$2:$A$389,IF(_xlfn.XLOOKUP(A378,Conduits_Condition!$A$2:$A$389,Conduits_Condition!$F$2:$F$389)="",Conduits_Condition!$E$2:$E$389,Conduits_Condition!$F$2:$F$389))} -> 96 | C378: =_xlfn.XLOOKUP(A378,Conduits_Condition!$C$2:$C$389,Conduits_Condition!$H$2:$H$389) -> 1 | D378: =_xlfn.LET( _xlpm.mat, _xlfn.XLOOKUP(A378, Conduits_Condition!$A$2:$A$389, Conduits_Condition!$B$2:$B$389), IF(OR(_xlpm.mat="", _xlpm.mat="XXX", _xlpm.mat=0), IF(B378>=50, "DIP", "PVC"), _xlpm.mat) ) -> GI
A379: =[1]Louisa_wConduits_Input_CSV!B379 -> P1545 | B379: {=YEAR(TODAY())-_xlfn.XLOOKUP(A379,Conduits_Condition!$A$2:$A$389,IF(_xlfn.XLOOKUP(A379,Conduits_Condition!$A$2:$A$389,Conduits_Condition!$F$2:$F$389)="",Conduits_Condition!$E$2:$E$389,Conduits_Condition!$F$2:$F$389))} -> 76 | C379: =_xlfn.XLOOKUP(A379,Conduits_Condition!$C$2:$C$389,Conduits_Condition!$H$2:$H$389) -> 1 | D379: =_xlfn.LET( _xlpm.mat, _xlfn.XLOOKUP(A379, Conduits_Condition!$A$2:$A$389, Conduits_Condition!$B$2:$B$389), IF(OR(_xlpm.mat="", _xlpm.mat="XXX", _xlpm.mat=0), IF(B379>=50, "DIP", "PVC"), _xlpm.mat) ) -> GI
A380: =[1]Louisa_wConduits_Input_CSV!B380 -> P1547 | B380: {=YEAR(TODAY())-_xlfn.XLOOKUP(A380,Conduits_Condition!$A$2:$A$389,IF(_xlfn.XLOOKUP(A380,Conduits_Condition!$A$2:$A$389,Conduits_Condition!$F$2:$F$389)="",Conduits_Condition!$E$2:$E$389,Conduits_Condition!$F$2:$F$389))} -> 76 | C380: =_xlfn.XLOOKUP(A380,Conduits_Condition!$C$2:$C$389,Conduits_Condition!$H$2:$H$389) -> 1 | D380: =_xlfn.LET( _xlpm.mat, _xlfn.XLOOKUP(A380, Conduits_Condition!$A$2:$A$389, Conduits_Condition!$B$2:$B$389), IF(OR(_xlpm.mat="", _xlpm.mat="XXX", _xlpm.mat=0), IF(B380>=50, "DIP", "PVC"), _xlpm.mat) ) -> GI
... A389: =[1]Louisa_wConduits_Input_CSV!B389 -> P2337 | B389: {=YEAR(TODAY())-_xlfn.XLOOKUP(A389,Conduits_Condition!$A$2:$A$389,IF(_xlfn.XLOOKUP(A389,Conduits_Condition!$A$2:$A$389,Conduits_Condition!$F$2:$F$389)="",Conduits_Condition!$E$2:$E$389,Conduits_Condition!$F$2:$F$389))} -> 26 | C389: =_xlfn.XLOOKUP(A389,Conduits_Condition!$C$2:$C$389,Conduits_Condition!$H$2:$H$389) -> 2 | D389: =_xlfn.LET( _xlpm.mat, _xlfn.XLOOKUP(A389, Conduits_Condition!$A$2:$A$389, Conduits_Condition!$B$2:$B$389), IF(OR(_xlpm.mat="", _xlpm.mat="XXX", _xlpm.mat=0), IF(B389>=50, "DIP", "PVC"), _xlpm.mat) ) -> PVC
